date,open,high,low,close,adj_close,volume
2019-01-02,99.55,101.75,98.94,101.12,94.1931,35329300
2019-01-03,100.1,100.19,97.2,97.4,90.728,42579100
2019-01-04,99.72,102.51,98.93,101.93,94.9476,44060600
2019-01-07,101.64,103.27,100.98,102.06,95.0687,35656100
2019-01-08,103.04,103.97,101.71,102.8,95.7581,31514400
2019-01-09,103.86,104.88,103.24,104.27,97.1273,32280800
2019-01-10,103.22,103.75,102.38,103.6,96.5033,30067600
2019-01-11,103.19,103.44,101.64,102.8,95.7581,28314200
2019-01-14,101.9,102.87,101.26,102.05,95.0594,28437100
2019-01-15,102.51,105.05,101.88,105.01,97.8167,31587600
2019-01-16,105.26,106.26,104.96,105.38,98.1613,29853900
2019-01-17,105.0,106.63,104.76,106.12,98.8506,28393000
2019-01-18,107.46,107.9,105.91,107.71,100.3317,37427600
2019-01-22,106.75,107.1,104.86,105.68,98.4408,32371300
2019-01-23,106.12,107.04,105.34,106.71,99.4002,25874300
2019-01-24,106.86,107.0,105.34,106.2,98.9252,23164800
2019-01-25,107.24,107.88,106.2,107.17,99.8287,31225600
2019-01-28,106.26,106.48,104.66,105.08,97.8819,29476700
2019-01-29,104.88,104.97,102.17,102.94,95.8885,31490500
2019-01-30,104.62,106.38,104.33,106.38,99.0928,49471900
2019-01-31,103.8,105.22,103.18,104.43,97.2764,55636400
2019-02-01,103.78,104.1,102.35,102.78,95.7394,35535700
2019-02-04,102.87,105.8,102.77,105.74,98.4967,31315100
2019-02-05,106.06,107.27,105.96,107.22,99.8753,27325400
2019-02-06,107.0,107.0,105.53,106.03,98.7668,20609800
2019-02-07,105.19,105.59,104.29,105.27,98.0588,29760700
2019-02-08,104.39,105.78,104.26,105.67,98.4315,21461100
2019-02-11,106.2,106.58,104.97,105.25,98.0402,18914100
2019-02-12,106.14,107.14,105.48,106.89,99.5679,25056600
2019-02-13,107.5,107.78,106.71,106.81,99.4934,18394900
2019-02-14,106.31,107.29,105.66,106.9,99.5772,21784700
2019-02-15,107.91,108.3,107.36,108.22,100.8068,26606900
2019-02-19,107.79,108.66,107.78,108.17,100.7602,18038500
2019-02-20,107.86,107.94,106.29,107.15,100.2364,21607700
2019-02-21,106.9,109.48,106.87,109.41,102.3505,29063200
2019-02-22,110.05,111.2,109.82,110.97,103.8099,27763200
2019-02-25,111.76,112.18,111.26,111.59,104.3899,23750600
2019-02-26,111.26,113.24,111.17,112.36,105.1102,21536700
2019-02-27,111.69,112.36,110.88,112.17,104.9324,21487100
2019-02-28,112.04,112.88,111.73,112.03,104.8015,29083900
2019-03-01,112.89,113.02,111.67,112.53,105.2692,23501200
2019-03-04,113.02,113.25,110.8,112.26,105.0166,26608000
2019-03-05,112.25,112.39,111.23,111.7,104.4927,19538300
2019-03-06,111.87,112.66,111.43,111.75,104.5395,17687000
2019-03-07,111.4,111.55,109.87,110.39,103.2673,25339000
2019-03-08,109.16,110.71,108.8,110.51,103.3795,22818400
2019-03-11,110.99,112.95,110.98,112.83,105.5498,26491600
2019-03-12,112.82,113.99,112.65,113.62,106.2889,26132700
2019-03-13,114.13,115.0,113.78,114.5,107.1121,35513800
2019-03-14,114.54,115.2,114.33,114.59,107.1963,30763400
2019-03-15,115.34,117.25,114.59,115.91,108.4311,54681100
2019-03-18,116.17,117.61,116.05,117.57,109.984,31207600
2019-03-19,118.09,118.44,116.99,117.65,110.0588,37588700
2019-03-20,117.39,118.75,116.71,117.52,109.9372,28113300
2019-03-21,117.14,120.82,117.09,120.22,112.463,29854400
2019-03-22,119.5,119.59,117.04,117.05,109.4975,33624500
2019-03-25,116.56,118.01,116.32,117.66,110.0682,27067100
2019-03-26,118.62,118.71,116.85,117.91,110.3021,26097700
2019-03-27,117.88,118.21,115.52,116.77,109.2356,22733400
2019-03-28,117.44,117.58,116.13,116.93,109.3853,18334800
2019-03-29,118.07,118.32,116.96,117.94,110.3301,25399800
2019-04-01,118.95,119.11,118.1,119.02,111.3405,22789100
2019-04-02,119.06,119.48,118.52,119.19,111.4995,18142300
2019-04-03,119.86,120.43,119.15,119.97,112.2292,22860700
2019-04-04,120.1,120.23,118.38,119.36,111.6585,20112800
2019-04-05,119.39,120.23,119.37,119.89,112.1543,15826200
2019-04-08,119.81,120.02,118.64,119.93,112.1918,15116200
2019-04-09,118.63,119.54,118.58,119.28,111.5837,17612000
2019-04-10,119.76,120.35,119.54,120.19,112.4349,16477200
2019-04-11,120.54,120.85,119.92,120.33,112.5659,14209100
2019-04-12,120.64,120.98,120.37,120.95,113.1459,19745100
2019-04-15,120.94,121.58,120.57,121.05,113.2395,15792600
2019-04-16,121.64,121.65,120.1,120.77,112.9775,14071800
2019-04-17,121.24,121.85,120.54,121.77,113.913,19300900
2019-04-18,122.19,123.52,121.3,123.37,115.4098,27991000
2019-04-22,122.62,124.0,122.57,123.76,115.7746,15648700
2019-04-23,124.1,125.58,123.83,125.44,117.3462,24025500
2019-04-24,125.79,125.85,124.52,125.01,116.944,31257000
2019-04-25,130.06,131.37,128.83,129.15,120.8168,38033900
2019-04-26,129.7,130.52,129.02,129.89,121.5091,23654900
2019-04-29,129.9,130.18,129.35,129.77,121.3968,16324200
2019-04-30,129.81,130.7,129.39,130.6,122.1733,24166500
2019-05-01,130.53,130.65,127.7,127.88,119.6288,26821700
2019-05-02,127.98,128.0,125.52,126.21,118.0665,27350200
2019-05-03,127.36,129.43,127.25,128.9,120.5829,24911100
2019-05-06,126.39,128.56,126.11,128.15,119.8813,24239800
2019-05-07,126.46,127.18,124.22,125.52,117.421,36017700
2019-05-08,125.44,126.37,124.75,125.51,117.4117,28419000
2019-05-09,124.29,125.79,123.57,125.5,117.4023,27235800
2019-05-10,124.91,127.93,123.82,127.13,118.9272,30915100
2019-05-13,124.11,125.55,123.04,123.35,115.3911,33944900
2019-05-14,123.87,125.88,123.7,124.73,116.682,25266300
2019-05-15,124.26,126.71,123.7,126.02,118.3252,24722700
2019-05-16,126.75,129.38,126.46,128.93,121.0575,30112200
2019-05-17,128.31,130.46,127.92,128.07,120.25,25770500
2019-05-20,126.52,127.59,125.76,126.22,118.513,23706900
2019-05-21,127.43,127.53,126.58,126.9,119.1514,15293300
2019-05-22,126.62,128.24,126.52,127.67,119.8744,15396500
2019-05-23,126.2,126.29,124.74,126.18,118.4754,23603800
2019-05-24,126.91,127.42,125.97,126.24,118.5317,14123400
2019-05-28,126.98,128.0,126.05,126.16,118.4566,23128400
2019-05-29,125.38,125.39,124.04,124.94,117.3111,22763100
2019-05-30,125.26,125.76,124.78,125.73,118.0529,16829600
2019-05-31,124.23,124.62,123.32,123.68,116.1281,26646800
2019-06-03,123.85,124.37,119.01,119.84,112.5225,37983600
2019-06-04,121.28,123.28,120.65,123.16,115.6398,29382600
2019-06-05,124.95,125.87,124.21,125.83,118.1468,24926100
2019-06-06,126.44,127.97,125.6,127.82,120.0152,21459000
2019-06-07,129.19,132.25,128.26,131.4,123.3766,33885600
2019-06-10,132.4,134.08,132.0,132.6,124.5034,26477100
2019-06-11,133.88,134.24,131.28,132.1,124.0339,23913700
2019-06-12,131.4,131.97,130.71,131.49,123.4612,17092500
2019-06-13,131.98,133.0,131.56,132.32,124.2405,17200800
2019-06-14,132.26,133.79,131.64,132.45,124.3625,17821700
2019-06-17,132.63,133.73,132.53,132.85,124.7381,14517800
2019-06-18,134.19,135.24,133.57,135.16,126.907,25934500
2019-06-19,135.0,135.93,133.81,135.69,127.4047,23744400
2019-06-20,137.45,137.66,135.72,136.95,128.5878,33042600
2019-06-21,136.58,137.73,136.46,136.97,128.6065,36727900
2019-06-24,137.0,138.4,137.0,137.78,129.3671,20628800
2019-06-25,137.25,137.59,132.73,133.43,125.2827,33327400
2019-06-26,134.35,135.74,133.6,133.93,125.7521,23657700
2019-06-27,134.14,134.71,133.51,134.15,125.9588,16557500
2019-06-28,134.57,134.6,133.16,133.96,125.7803,30043000
2019-07-01,136.63,136.7,134.97,135.68,127.3953,22613500
2019-07-02,136.12,136.59,135.34,136.58,128.2404,15237800
2019-07-03,136.8,137.74,136.29,137.46,129.0667,13629300
2019-07-05,135.94,137.33,135.72,137.06,128.6911,18141100
2019-07-08,136.4,137.1,135.37,136.96,128.5972,16779700
2019-07-09,136.0,136.97,135.8,136.46,128.1277,19953100
2019-07-10,137.13,138.58,137.02,137.85,129.4328,24204400
2019-07-11,138.2,139.22,137.87,138.4,129.9492,22327900
2019-07-12,138.85,139.13,138.01,138.9,130.4187,18936800
2019-07-15,139.44,139.54,138.46,138.9,130.4187,16651500
2019-07-16,138.96,139.05,136.52,137.08,128.7098,22726100
2019-07-17,137.7,137.93,136.22,136.27,127.9493,20211000
2019-07-18,135.55,136.62,134.67,136.42,128.0901,30381800
2019-07-19,140.22,140.67,136.45,136.62,128.2779,48992400
2019-07-22,137.41,139.19,137.33,138.43,129.9774,25074900
2019-07-23,139.76,139.99,138.03,139.29,130.7849,18034600
2019-07-24,138.9,140.74,138.85,140.72,132.1275,20738300
2019-07-25,140.43,140.61,139.32,140.19,131.6299,18356900
2019-07-26,140.37,141.68,140.3,141.34,132.7097,19037600
2019-07-29,141.5,141.51,139.37,141.03,132.4186,16605900
2019-07-30,140.14,141.22,139.8,140.35,131.7802,16846500
2019-07-31,140.33,140.49,135.08,136.27,127.9493,38598800
2019-08-01,137.0,140.94,136.93,138.06,129.63,40557500
2019-08-02,138.09,138.32,135.26,136.9,128.5408,30791600
2019-08-05,133.3,133.93,130.78,132.21,124.1372,42749600
2019-08-06,133.8,135.68,133.21,134.69,126.4658,32696700
2019-08-07,133.79,135.65,131.83,135.28,127.0198,33414500
2019-08-08,136.6,138.99,135.93,138.89,130.4093,27496500
2019-08-09,138.61,139.38,136.46,137.71,129.3014,23466700
2019-08-12,137.07,137.86,135.24,135.79,127.4986,20484300
2019-08-13,136.05,138.8,135.0,138.6,130.137,25154600
2019-08-14,136.36,136.92,133.67,133.98,126.218,32527300
2019-08-15,134.39,134.58,132.25,133.68,125.9354,28074400
2019-08-16,134.88,136.46,134.72,136.13,128.2435,24449100
2019-08-19,137.85,138.55,136.89,138.41,130.3914,24355700
2019-08-20,138.21,138.71,137.24,137.26,129.308,21170800
2019-08-21,138.55,139.49,138.0,138.79,130.7494,14970300
2019-08-22,138.66,139.2,136.29,137.78,129.7979,18697000
2019-08-23,137.19,138.35,132.8,133.39,125.6622,38508600
2019-08-26,134.99,135.56,133.9,135.45,127.6029,20312600
2019-08-27,136.39,136.72,134.66,135.74,127.8761,23102100
2019-08-28,134.88,135.76,133.55,135.56,127.7065,17393300
2019-08-29,137.25,138.44,136.91,138.12,130.1182,20168700
2019-08-30,139.15,139.18,136.27,137.86,129.8732,23940100
2019-09-03,136.61,137.2,135.7,136.04,128.1587,18869300
2019-09-04,137.3,137.69,136.48,137.63,129.6566,17995900
2019-09-05,139.11,140.38,138.76,140.05,131.9364,26101800
2019-09-06,140.03,140.18,138.2,139.1,131.0414,20824500
2019-09-09,139.59,139.75,136.46,137.52,129.5529,25773900
2019-09-10,136.8,136.89,134.51,136.08,128.1963,28903400
2019-09-11,135.91,136.27,135.09,136.12,128.234,24726100
2019-09-12,137.85,138.42,136.87,137.52,129.5529,27010000
2019-09-13,137.78,138.06,136.57,137.32,129.3645,23363100
2019-09-16,135.83,136.7,135.66,136.33,128.4319,16731400
2019-09-17,136.96,137.52,136.43,137.39,129.4305,17814200
2019-09-18,137.36,138.67,136.53,138.52,130.495,23982100
2019-09-19,140.3,142.37,140.07,141.07,132.8973,35772100
2019-09-20,141.01,141.65,138.25,139.44,131.3617,39167300
2019-09-23,139.23,139.63,138.44,139.14,131.079,17139300
2019-09-24,140.36,140.69,136.88,137.38,129.421,29773200
2019-09-25,137.5,139.96,136.03,139.36,131.2864,21382000
2019-09-26,139.44,140.18,138.44,139.54,131.4559,17456600
2019-09-27,140.15,140.36,136.65,137.73,129.7507,22477700
2019-09-30,138.05,139.22,137.78,139.03,130.9755,17280900
2019-10-01,139.66,140.25,137.0,137.07,129.129,21466600
2019-10-02,136.25,136.37,133.58,134.65,126.8492,30521700
2019-10-03,134.95,136.75,133.22,136.28,128.3848,24132900
2019-10-04,136.75,138.25,136.42,138.12,130.1182,22897700
2019-10-07,137.14,138.18,137.02,137.12,129.1761,15303700
2019-10-08,137.08,137.76,135.62,135.67,127.8101,25550500
2019-10-09,137.46,138.7,136.97,138.24,130.2312,19749900
2019-10-10,138.49,139.67,138.25,139.1,131.0414,17654600
2019-10-11,140.12,141.03,139.5,139.68,131.5878,25446000
2019-10-14,139.69,140.29,139.52,139.55,131.4653,13304300
2019-10-15,140.06,141.79,139.81,141.57,133.3683,19695700
2019-10-16,140.79,140.99,139.53,140.41,132.2755,20751600
2019-10-17,140.95,141.42,139.02,139.69,131.5972,21460600
2019-10-18,139.76,140.0,136.56,137.41,129.4493,32273500
2019-10-21,138.45,138.5,137.01,138.43,130.4102,20078200
2019-10-22,138.97,140.01,136.26,136.37,128.4696,27431000
2019-10-23,136.88,137.45,135.61,137.24,129.2892,29844600
2019-10-24,139.39,140.42,138.67,139.94,131.8327,37029300
2019-10-25,139.34,141.14,139.2,140.73,132.577,25959700
2019-10-28,144.4,145.67,143.51,144.19,135.8365,35280100
2019-10-29,144.08,144.5,142.65,142.83,134.5553,20589500
2019-10-30,143.52,145.0,142.79,144.61,136.2322,18496600
2019-10-31,144.9,144.93,142.99,143.37,135.064,24605100
2019-11-01,144.26,144.42,142.97,143.72,135.3937,33128400
2019-11-04,144.83,145.0,144.16,144.55,136.1757,16912000
2019-11-05,144.97,145.02,143.91,144.46,136.0909,18250200
2019-11-06,144.37,144.52,143.2,144.06,135.714,16575800
2019-11-07,143.84,144.88,143.77,144.26,135.9025,17786700
2019-11-08,143.98,145.99,143.76,145.96,137.504,16732700
2019-11-11,145.34,146.42,144.73,146.11,137.6453,14362600
2019-11-12,146.28,147.57,146.06,147.07,138.5497,18641600
2019-11-13,146.74,147.46,146.28,147.31,138.7758,16919200
2019-11-14,147.02,148.41,147.0,148.06,139.4823,19729800
2019-11-15,148.93,149.99,148.27,149.97,141.2816,23485700
2019-11-18,150.07,150.55,148.98,150.34,141.6303,21534000
2019-11-19,150.88,151.33,150.2,150.39,141.6773,23935700
2019-11-20,150.31,150.84,148.46,149.62,141.4316,25696800
2019-11-21,149.4,149.8,148.5,149.48,141.2992,18576100
2019-11-22,150.07,150.3,148.82,149.59,141.4032,15901800
2019-11-25,150.0,151.35,149.92,151.23,142.9534,22420900
2019-11-26,151.36,152.42,151.32,152.03,143.7097,24620100
2019-11-27,152.33,152.5,151.52,152.32,143.9838,15184400
2019-11-29,152.1,152.3,151.28,151.38,143.0952,11977300
2019-12-02,151.81,151.83,148.32,149.55,141.3654,27418400
2019-12-03,147.49,149.43,146.65,149.31,141.1385,24066000
2019-12-04,150.14,150.18,149.2,149.85,141.649,17574700
2019-12-05,150.05,150.32,149.48,149.93,141.7245,17869100
2019-12-06,150.99,151.87,150.27,151.75,143.445,16403500
2019-12-09,151.07,152.21,150.91,151.36,143.0764,16687400
2019-12-10,151.29,151.89,150.76,151.13,142.8589,16476100
2019-12-11,151.54,151.87,150.33,151.7,143.3977,18856600
2019-12-12,151.65,153.44,151.02,153.24,144.8535,24612100
2019-12-13,153.0,154.89,152.83,154.53,146.0728,23845400
2019-12-16,155.11,155.9,154.82,155.53,147.0181,24144200
2019-12-17,155.45,155.71,154.45,154.69,146.2241,25425600
2019-12-18,154.3,155.48,154.18,154.37,145.9216,24129200
2019-12-19,154.0,155.77,153.75,155.71,147.1883,24958900
2019-12-20,157.35,158.49,156.29,157.41,148.7952,53477500
2019-12-23,158.12,158.12,157.27,157.41,148.7952,17718200
2019-12-24,157.48,157.71,157.12,157.38,148.7669,8989200
2019-12-26,157.56,158.73,157.4,158.67,149.9863,14520600
2019-12-27,159.45,159.55,158.22,158.96,150.2604,18412800
2019-12-30,158.99,159.02,156.73,157.59,148.9654,16348400
2019-12-31,156.77,157.77,156.45,157.7,149.0693,18369400
2020-01-02,158.78,160.73,158.33,160.62,151.8296,22622100
2020-01-03,158.32,159.95,158.06,158.62,149.939,21116200
2020-01-06,157.08,159.1,156.51,159.03,150.3266,20813700
2020-01-07,159.32,159.67,157.32,157.58,148.9559,21634100
2020-01-08,158.93,160.8,157.95,160.09,151.3285,27746500
2020-01-09,161.84,162.22,161.03,162.09,153.2191,21385000
2020-01-10,162.82,163.22,161.18,161.34,152.5102,20725900
2020-01-13,161.76,163.31,161.26,163.28,154.344,21626500
2020-01-14,163.39,163.6,161.72,162.13,153.2569,23477400
2020-01-15,162.62,163.94,162.57,163.18,154.2495,21417900
2020-01-16,164.35,166.24,164.03,166.17,157.0759,23865400
2020-01-17,167.42,167.47,165.43,167.1,157.9549,34371700
2020-01-21,166.68,168.19,166.43,166.5,157.3877,29517200
2020-01-22,167.4,167.49,165.68,165.7,156.6316,24138800
2020-01-23,166.19,166.8,165.27,166.72,157.5957,19680800
2020-01-24,167.51,167.53,164.45,165.04,156.0076,24918100
2020-01-27,161.15,163.38,160.2,162.28,153.3987,32078100
2020-01-28,163.78,165.76,163.07,165.46,156.4047,24899900
2020-01-29,167.84,168.75,165.69,168.04,158.8435,34754500
2020-01-30,174.05,174.05,170.79,172.78,163.324,51597500
2020-01-31,172.21,172.4,169.58,170.23,160.9136,36142700
2020-02-03,170.43,174.5,170.4,174.38,164.8365,30107000
2020-02-04,177.14,180.64,176.31,180.12,170.2623,36433300
2020-02-05,184.03,184.2,178.41,179.9,170.0544,39186300
2020-02-06,180.97,183.82,180.06,183.63,173.5802,27751400
2020-02-07,182.85,185.63,182.48,183.89,173.826,33529100
2020-02-10,183.58,188.84,183.25,188.7,178.3728,35844300
2020-02-11,190.65,190.7,183.5,184.44,174.3459,53159900
2020-02-12,185.58,185.85,181.85,184.71,174.6011,47062900
2020-02-13,183.08,186.23,182.87,183.71,173.6558,35295800
2020-02-14,183.25,185.41,182.65,185.35,175.2061,23149500
2020-02-18,185.61,187.7,185.5,187.23,176.9832,27792200
2020-02-19,188.06,188.18,186.47,187.28,177.514,29997500
2020-02-20,186.95,187.25,181.1,184.42,174.8032,36862400
2020-02-21,183.17,183.5,177.25,178.59,169.2772,48572600
2020-02-24,167.77,174.55,163.23,170.89,161.9787,68311100
2020-02-25,174.2,174.84,167.65,168.07,159.3058,68073300
2020-02-26,169.71,173.26,168.21,170.17,161.2963,56206100
2020-02-27,163.32,167.03,157.98,158.18,149.9315,93174900
2020-02-28,152.41,163.71,152.0,162.01,153.5618,97012700
2020-03-02,165.31,172.92,162.31,172.79,163.7796,71030800
2020-03-03,173.8,175.0,162.26,164.51,155.9314,71677000
2020-03-04,168.49,170.7,165.62,170.55,161.6564,49814400
2020-03-05,166.05,170.87,165.69,166.27,157.5996,47817300
2020-03-06,162.61,163.11,156.0,161.57,153.1447,72821100
2020-03-09,151.0,157.75,150.0,150.62,142.7657,70419300
2020-03-10,158.16,161.03,152.58,160.92,152.5286,65354400
2020-03-11,157.13,157.7,151.15,153.63,145.6188,56371600
2020-03-12,145.3,153.47,138.58,139.06,131.8085,93226400
2020-03-13,147.5,161.91,140.73,158.83,150.5476,92727400
2020-03-16,140.0,149.35,135.0,135.42,128.3583,87905900
2020-03-17,140.0,147.5,135.0,146.57,138.9269,81059800
2020-03-18,138.0,146.0,135.02,140.4,133.0786,81593200
2020-03-19,142.77,150.15,139.0,142.71,135.2682,85922700
2020-03-20,146.0,147.1,135.86,137.35,130.1877,84866200
2020-03-23,137.01,140.57,132.52,135.98,128.8892,78975200
2020-03-24,143.75,149.6,141.27,148.34,140.6047,82516700
2020-03-25,148.91,154.33,144.44,146.92,139.2587,75638200
2020-03-26,148.4,156.66,148.37,156.11,147.9694,64568100
2020-03-27,151.75,154.89,149.2,149.7,141.8937,57042300
2020-03-30,152.44,160.6,150.01,160.23,151.8746,63420300
2020-03-31,159.4,164.78,156.56,157.71,149.486,77927200
2020-04-01,153.0,157.75,150.82,152.11,144.178,57969900
2020-04-02,151.86,155.48,150.36,155.26,147.1638,49630700
2020-04-03,155.1,157.38,152.19,153.83,145.8083,41243300
2020-04-06,160.32,166.5,157.58,165.27,156.6518,67111700
2020-04-07,169.59,170.0,163.26,163.49,154.9646,62769000
2020-04-08,165.67,166.67,163.5,165.13,156.5191,48318200
2020-04-09,166.36,167.37,163.33,165.14,156.5286,51385100
2020-04-13,164.35,165.57,162.3,165.51,156.8792,41905300
2020-04-14,169.0,173.75,168.0,173.7,164.6422,52874300
2020-04-15,171.2,173.57,169.24,171.88,162.9171,40940800
2020-04-16,174.3,177.28,172.9,177.04,167.808,50479600
2020-04-17,179.5,180.0,175.87,178.6,169.2867,52765600
2020-04-20,176.63,178.75,174.99,175.06,165.9313,36669600
2020-04-21,173.5,173.67,166.11,167.82,159.0688,56203700
2020-04-22,171.39,174.0,170.82,173.52,164.4715,34620200
2020-04-23,174.11,175.06,170.91,171.42,162.4811,32790800
2020-04-24,172.06,174.56,170.71,174.55,165.4479,34277600
2020-04-27,176.59,176.9,173.3,174.05,164.9739,33194400
2020-04-28,175.59,175.67,169.39,169.81,160.955,34392700
2020-04-29,173.22,177.68,171.88,177.43,168.1777,51286600
2020-04-30,180.0,180.4,176.23,179.21,169.8649,53875900
2020-05-01,175.8,178.64,174.01,174.57,165.4668,39370500
2020-05-04,174.49,179.0,173.8,178.84,169.5142,30372900
2020-05-05,180.62,183.65,179.9,180.76,171.334,36839200
2020-05-06,182.08,184.2,181.63,182.54,173.0212,32139300
2020-05-07,184.17,184.55,182.58,183.6,174.0259,28316000
2020-05-08,184.98,185.0,183.36,184.68,175.0496,30877800
2020-05-11,183.15,187.51,182.85,186.74,177.0022,30892700
2020-05-12,186.8,187.04,182.3,182.51,172.9928,32038200
2020-05-13,182.55,184.05,176.54,179.75,170.3767,44711500
2020-05-14,177.54,180.69,175.68,180.53,171.116,41873900
2020-05-15,179.06,187.06,177.0,183.16,173.6089,46610400
2020-05-18,185.75,186.2,183.96,184.91,175.2676,35264500
2020-05-19,185.03,186.6,183.49,183.63,174.0544,26799100
2020-05-20,184.81,185.85,183.94,185.66,176.4686,31261300
2020-05-21,185.4,186.67,183.29,183.43,174.349,29119500
2020-05-22,183.19,184.46,182.54,183.51,174.4251,20826900
2020-05-26,186.34,186.5,181.1,181.57,172.5811,36073600
2020-05-27,180.2,181.99,176.6,181.81,172.8093,39517100
2020-05-28,180.74,184.15,180.38,181.4,172.4195,33810200
2020-05-29,182.73,184.27,180.41,183.25,174.1779,42130400
2020-06-01,182.54,183.0,181.46,182.83,173.7787,22622400
2020-06-02,184.25,185.0,181.35,184.91,175.7558,30794600
2020-06-03,184.82,185.94,183.58,185.36,176.1835,27311000
2020-06-04,184.3,185.84,182.3,182.92,173.8643,28761800
2020-06-05,182.62,187.73,182.01,187.2,177.9324,39893600
2020-06-08,185.94,188.55,184.44,188.36,179.0349,33211600
2020-06-09,188.0,190.7,187.26,189.8,180.4037,29783900
2020-06-10,191.13,198.52,191.01,196.84,187.0951,43872300
2020-06-11,193.13,195.76,186.07,186.27,177.0484,52854700
2020-06-12,190.54,191.72,185.18,187.74,178.4457,43373600
2020-06-15,184.58,190.82,184.01,188.94,179.5862,32770200
2020-06-16,192.89,195.58,191.46,193.57,183.9871,42556700
2020-06-17,195.03,196.32,193.69,194.24,184.6239,25687800
2020-06-18,194.0,196.49,194.0,196.32,186.6009,23061600
2020-06-19,198.59,199.29,194.37,195.15,185.4888,44441100
2020-06-22,195.79,200.76,195.23,200.57,190.6405,32818900
2020-06-23,202.09,203.95,201.43,201.91,191.9141,30917400
2020-06-24,201.6,203.25,196.56,197.84,188.0456,36740600
2020-06-25,197.8,200.61,195.47,200.34,190.4219,27803900
2020-06-26,199.73,199.89,194.88,196.33,186.6104,54675800
2020-06-29,195.78,198.53,193.55,198.44,188.6159,26701600
2020-06-30,197.88,204.4,197.74,203.51,193.4349,34310300
2020-07-01,203.14,206.35,201.77,204.7,194.566,32061200
2020-07-02,205.68,208.02,205.0,206.26,196.0488,29315800
2020-07-06,208.83,211.13,208.09,210.7,200.269,31897600
2020-07-07,210.45,214.67,207.99,208.25,197.9403,33600700
2020-07-08,210.07,213.26,208.69,212.83,202.2935,33600000
2020-07-09,216.33,216.38,211.47,214.32,203.7097,33121700
2020-07-10,213.62,214.08,211.08,213.67,203.092,26177600
2020-07-13,214.48,215.8,206.5,207.07,196.8187,38135600
2020-07-14,206.13,208.85,202.03,208.35,198.0353,37591800
2020-07-15,209.56,211.33,205.03,208.04,197.7407,32179400
2020-07-16,205.4,205.7,202.31,203.92,193.8246,29940700
2020-07-17,204.47,205.04,201.39,202.88,192.8362,31635300
2020-07-20,205.0,212.3,203.01,211.6,201.1245,36884800
2020-07-21,213.66,213.94,208.03,208.75,198.4155,37990400
2020-07-22,209.2,212.3,208.39,211.75,201.267,49605700
2020-07-23,207.19,210.92,202.15,202.54,192.5129,67457000
2020-07-24,200.42,202.86,197.51,201.3,191.3344,39827000
2020-07-27,201.47,203.97,200.86,203.85,193.7581,30160900
2020-07-28,203.61,204.7,201.74,202.02,192.0187,23251400
2020-07-29,202.5,204.65,202.01,204.06,193.9577,19632600
2020-07-30,201.0,204.46,199.57,203.9,193.8056,25079600
2020-07-31,204.4,205.1,199.01,205.01,194.8607,51044000
2020-08-03,211.52,217.64,210.44,216.54,205.8199,78983000
2020-08-04,214.17,214.77,210.31,213.29,202.7308,49280100
2020-08-05,214.9,215.0,211.57,212.94,202.3981,28806400
2020-08-06,212.34,216.37,211.55,216.35,205.6392,32656800
2020-08-07,214.85,215.7,210.93,212.48,201.9608,27820400
2020-08-10,211.67,211.88,206.35,208.25,197.9403,36716500
2020-08-11,207.16,207.65,203.14,203.38,193.3114,36446500
2020-08-12,205.29,210.28,204.75,209.19,198.8337,28013100
2020-08-13,209.44,211.35,208.15,208.7,198.368,22588900
2020-08-14,208.76,209.59,207.51,208.9,198.5581,17958900
2020-08-17,209.6,211.19,208.92,210.28,199.8698,20184800
2020-08-18,210.53,212.36,209.21,211.49,201.0199,21336200
2020-08-19,211.49,212.1,209.25,209.7,199.8003,27627600
2020-08-20,209.54,215.0,208.91,214.58,204.4499,26981500
2020-08-21,213.86,216.25,212.85,213.02,202.9636,36249300
2020-08-24,214.79,215.52,212.43,213.69,203.6019,25460100
2020-08-25,213.1,216.61,213.1,216.47,206.2507,23043700
2020-08-26,217.88,222.09,217.36,221.15,210.7097,39600800
2020-08-27,222.89,231.15,219.4,226.58,215.8834,57602200
2020-08-28,228.18,230.64,226.58,228.91,218.1034,26292900
2020-08-31,227.0,228.7,224.31,225.53,214.883,28774200
2020-09-01,225.51,227.45,224.43,227.27,216.5409,25725500
2020-09-02,227.97,232.86,227.35,231.65,220.7141,34080800
2020-09-03,229.27,229.31,214.96,217.3,207.0415,58400300
2020-09-04,215.1,218.36,205.19,214.25,204.1355,59664100
2020-09-08,206.5,210.03,202.2,202.66,193.0927,52924300
2020-09-09,207.6,214.84,206.7,211.29,201.3152,45679000
2020-09-10,213.4,214.74,204.11,205.37,195.6747,35461500
2020-09-11,207.2,208.63,201.24,204.03,194.398,33620100
2020-09-14,204.24,209.2,204.03,205.41,195.7128,30375800
2020-09-15,208.42,209.78,206.93,208.78,198.9237,21823900
2020-09-16,210.62,210.65,204.64,205.05,195.3699,26328100
2020-09-17,200.05,204.33,199.96,202.91,193.3309,34011300
2020-09-18,202.8,203.65,196.25,200.39,190.9298,55225300
2020-09-21,197.19,202.71,196.38,202.54,192.9783,39839700
2020-09-22,205.06,208.1,202.08,207.42,197.6279,33517100
2020-09-23,207.9,208.1,200.03,200.59,191.1204,30803800
2020-09-24,199.85,205.57,199.2,203.19,193.5976,31202500
2020-09-25,203.55,209.04,202.54,207.82,198.0091,29437300
2020-09-28,210.88,212.57,208.06,209.44,199.5526,32004900
2020-09-29,209.35,210.07,206.81,207.26,197.4755,24221900
2020-09-30,207.73,211.98,206.54,210.33,200.4006,33829100
2020-10-01,213.49,213.99,211.32,212.46,202.43,27158400
2020-10-02,208.0,210.99,205.54,206.19,196.456,33154800
2020-10-05,207.22,210.41,206.98,210.38,200.4482,21331600
2020-10-06,208.82,210.18,204.82,205.91,196.1892,28554300
2020-10-07,207.06,210.11,206.72,209.83,199.9242,25681100
2020-10-08,210.51,211.19,208.32,210.58,200.6388,19925800
2020-10-09,211.23,215.86,211.23,215.81,205.6218,26458000
2020-10-12,218.79,223.86,216.81,221.4,210.948,40461400
2020-10-13,222.72,225.21,220.43,222.86,212.339,28950800
2020-10-14,223.0,224.22,219.13,220.86,210.4335,23421700
2020-10-15,217.1,220.36,216.01,219.66,209.2901,22733100
2020-10-16,220.15,222.29,219.32,219.66,209.2901,26057900
2020-10-19,220.42,222.3,213.72,214.22,204.107,27625800
2020-10-20,215.8,217.37,213.09,214.65,204.5166,22753500
2020-10-21,213.12,216.92,213.12,214.8,204.6596,22724900
2020-10-22,213.93,216.06,211.7,214.89,204.7453,22351500
2020-10-23,215.03,216.28,213.16,216.23,206.022,18879600
2020-10-26,213.85,216.34,208.1,210.08,200.1624,37111600
2020-10-27,211.59,214.67,210.33,213.25,203.1827,36700300
2020-10-28,207.67,208.84,202.1,202.68,193.1117,51195600
2020-10-29,204.07,207.36,203.37,204.72,195.0554,31432600
2020-10-30,203.5,204.29,199.62,202.47,192.9116,36953700
2020-11-02,204.29,205.28,200.12,202.33,192.7783,30842200
2020-11-03,203.89,208.12,203.12,206.43,196.6847,27512000
2020-11-04,214.02,218.32,212.42,216.39,206.1744,42311800
2020-11-05,222.04,224.12,221.15,223.29,212.7487,36080100
2020-11-06,222.26,224.36,218.03,223.72,213.1584,25231900
2020-11-09,224.44,228.12,217.88,218.39,208.08,44395000
2020-11-10,214.5,216.5,209.72,211.01,201.0485,44045100
2020-11-11,212.39,218.04,212.2,216.55,206.3269,29440800
2020-11-12,217.21,219.11,214.46,215.44,205.2693,21593900
2020-11-13,216.36,217.42,214.16,216.51,206.2888,18621100
2020-11-16,214.87,217.74,214.52,217.23,206.9748,24953300
2020-11-17,216.1,217.68,214.08,214.46,204.3356,24154100
2020-11-18,213.65,215.17,210.93,211.08,201.6417,28372800
2020-11-19,211.38,213.03,209.93,212.42,202.9218,24792700
2020-11-20,212.2,213.29,210.0,210.39,200.9825,22843100
2020-11-23,210.95,212.29,208.16,210.11,200.7151,25683500
2020-11-24,209.59,214.25,208.86,213.86,204.2974,33979700
2020-11-25,215.11,215.29,212.46,213.87,204.3069,21012900
2020-11-27,214.85,216.27,214.04,215.23,205.6061,14512200
2020-11-30,214.1,214.76,210.84,214.07,204.498,33064800
2020-12-01,214.51,217.32,213.35,216.21,206.5423,30904500
2020-12-02,214.88,215.47,212.8,215.37,205.7399,23724500
2020-12-03,214.61,216.38,213.65,214.24,204.6604,25120900
2020-12-04,214.22,215.38,213.18,214.36,204.7751,24666000
2020-12-07,214.37,215.54,212.99,214.29,204.7082,24620000
2020-12-08,213.97,216.95,212.89,216.01,206.3513,23284100
2020-12-09,215.16,215.23,211.21,211.8,202.3295,32440600
2020-12-10,211.77,213.08,210.36,210.52,201.1068,26733300
2020-12-11,210.05,213.32,209.11,213.26,203.7242,30979400
2020-12-14,213.1,216.21,212.88,214.2,204.6221,28798400
2020-12-15,215.17,215.42,212.24,214.13,204.5553,27000600
2020-12-16,214.75,220.11,214.72,219.28,209.4751,35023300
2020-12-17,219.87,220.89,217.92,219.42,209.6088,32515800
2020-12-18,218.59,219.69,216.02,218.59,208.8159,63354900
2020-12-21,217.55,224.0,217.28,222.59,212.637,37181900
2020-12-22,222.69,225.63,221.85,223.94,213.9267,22612200
2020-12-23,223.11,223.56,220.8,221.02,211.1372,18699600
2020-12-24,221.42,223.61,221.2,222.75,212.7899,10550600
2020-12-28,224.45,226.03,223.02,224.96,214.9011,17933500
2020-12-29,226.31,227.18,223.58,224.15,214.1273,17403200
2020-12-30,225.23,225.63,221.47,221.68,211.7677,20272300
2020-12-31,221.7,223.0,219.68,222.42,212.4746,20942100
2021-01-04,222.53,223.0,214.81,217.69,207.9561,37130100
2021-01-05,217.26,218.52,215.7,217.9,208.1567,23823000
2021-01-06,212.17,216.49,211.94,212.25,202.7593,35930700
2021-01-07,214.04,219.34,213.71,218.29,208.5293,27694500
2021-01-08,218.68,220.58,217.03,219.62,209.7998,22956200
2021-01-11,218.47,218.91,216.73,217.49,207.7651,23031300
2021-01-12,216.5,217.1,213.32,214.93,205.3195,23249300
2021-01-13,214.02,216.76,213.93,216.34,206.6665,20087100
2021-01-14,215.91,217.46,212.74,213.02,203.4949,29480800
2021-01-15,213.52,214.51,212.03,212.65,203.1415,31746500
2021-01-19,213.75,216.98,212.63,216.44,206.762,30480900
2021-01-20,217.7,225.79,217.29,224.34,214.3087,37777300
2021-01-21,224.7,226.3,222.42,224.97,214.9106,30709400
2021-01-22,227.08,230.07,225.8,225.95,215.8468,30172700
2021-01-25,229.12,229.78,224.22,229.53,219.2667,33152100
2021-01-26,231.86,234.18,230.08,232.33,221.9415,49169600
2021-01-27,238.0,240.44,230.14,232.9,222.486,69870600
2021-01-28,235.61,242.64,235.09,238.93,228.2464,49111200
2021-01-29,235.99,238.02,231.35,231.96,221.5881,42503100
2021-02-01,235.06,242.5,232.43,239.65,228.9342,33314200
2021-02-02,241.3,242.31,238.69,239.51,228.8004,25916300
2021-02-03,239.57,245.09,239.26,243.0,232.1344,27158100
2021-02-04,242.66,243.24,240.37,242.01,231.1886,25296100
2021-02-05,242.23,243.28,240.42,242.2,231.3702,18054800
2021-02-08,243.15,243.68,240.81,242.47,231.6281,22211900
2021-02-09,241.87,244.76,241.38,243.77,232.87,23565000
2021-02-10,245.0,245.92,240.89,242.82,231.9625,22186700
2021-02-11,244.78,245.15,242.15,244.49,233.5578,15751100
2021-02-12,243.93,245.3,242.73,244.99,234.0354,16561100
2021-02-16,245.03,246.13,242.92,243.7,232.8031,26728500
2021-02-17,241.32,244.31,240.94,244.2,233.8181,21653500
2021-02-18,241.8,243.93,240.86,243.79,233.4255,16925600
2021-02-19,243.75,243.86,240.18,240.97,230.7254,25262600
2021-02-22,237.42,237.93,232.4,234.51,224.54,36446900
2021-02-23,230.33,234.83,228.73,233.27,223.3528,30228700
2021-02-24,230.01,235.2,229.0,234.55,224.5783,26339700
2021-02-25,232.08,234.59,227.88,228.99,219.2547,39542200
2021-02-26,231.53,235.37,229.54,232.38,222.5005,37819200
2021-03-01,235.9,237.47,233.15,236.94,226.8667,25324000
2021-03-02,237.01,237.3,233.45,233.87,223.9272,22812500
2021-03-03,232.16,233.58,227.26,227.56,217.8855,34029500
2021-03-04,226.74,232.49,224.26,226.73,217.0907,44727800
2021-03-05,229.52,233.27,226.46,231.6,221.7537,41872800
2021-03-08,231.37,233.37,227.13,227.39,217.7227,35267400
2021-03-09,232.88,235.38,231.67,233.78,223.841,33080500
2021-03-10,237.0,237.0,232.04,232.42,222.5388,29746800
2021-03-11,234.96,239.17,234.31,237.13,227.0486,29907600
2021-03-12,234.01,235.82,233.23,235.75,225.7272,22653700
2021-03-15,234.96,235.19,231.81,234.81,224.8272,26034900
2021-03-16,236.28,240.06,235.94,237.71,227.604,28092200
2021-03-17,236.15,238.55,233.23,237.04,226.9625,29562100
2021-03-18,232.56,234.19,230.33,230.72,220.9111,34833000
2021-03-19,231.02,232.47,229.35,230.35,220.5569,46430700
2021-03-22,230.27,236.9,230.14,235.99,225.9571,30127000
2021-03-23,237.49,241.05,237.07,237.58,227.4795,31638400
2021-03-24,237.85,238.0,235.32,235.46,225.4496,25620100
2021-03-25,235.3,236.94,231.57,232.34,222.4622,34061900
2021-03-26,231.55,236.71,231.55,236.48,226.4262,25479900
2021-03-29,236.59,236.8,231.88,235.24,225.239,25227500
2021-03-30,233.53,233.85,231.1,231.85,221.9931,24792000
2021-03-31,232.91,239.1,232.39,235.77,225.7464,43623500
2021-04-01,238.47,242.84,238.05,242.35,232.0467,30338000
2021-04-05,242.76,249.96,242.7,249.07,238.481,36910600
2021-04-06,247.61,249.4,246.88,247.86,237.3224,22931900
2021-04-07,247.81,250.93,247.19,249.9,239.2757,22719800
2021-04-08,252.77,254.14,252.0,253.25,242.4833,23625200
2021-04-09,252.87,255.99,252.44,255.85,244.9727,24326800
2021-04-12,254.71,257.67,254.62,255.91,245.0302,27148700
2021-04-13,257.26,259.19,256.83,258.49,247.5005,23837500
2021-04-14,257.48,258.83,255.16,255.59,244.7238,23070900
2021-04-15,257.93,259.93,257.73,259.5,248.4675,25627500
2021-04-16,259.47,261.0,257.6,260.74,249.6548,24878600
2021-04-19,260.19,261.48,257.82,258.74,247.7399,23209300
2021-04-20,257.82,260.2,256.84,258.26,247.2803,19722900
2021-04-21,258.94,260.68,257.25,260.58,249.5016,24030400
2021-04-22,260.21,261.78,255.64,257.17,246.2366,25606200
2021-04-23,257.88,261.51,257.27,261.15,250.0474,21462600
2021-04-26,261.66,262.44,260.17,261.55,250.4304,19763300
2021-04-27,261.58,263.19,260.12,261.97,250.8326,31014200
2021-04-28,256.08,256.54,252.95,254.56,243.7376,46903100
2021-04-29,255.46,256.1,249.0,252.51,241.7748,40589000
2021-04-30,249.74,253.08,249.6,252.18,241.4588,30945100
2021-05-03,253.4,254.35,251.12,251.86,241.1524,19626600
2021-05-04,250.97,251.21,245.76,247.79,237.2554,32756100
2021-05-05,249.06,249.5,245.82,246.47,235.9915,21901300
2021-05-06,246.45,249.86,244.69,249.73,239.1129,26491100
2021-05-07,252.15,254.3,251.17,252.46,241.7269,27032900
2021-05-10,250.87,251.73,247.12,247.18,236.6714,29299900
2021-05-11,244.55,246.6,242.57,246.23,235.7617,33641600
2021-05-12,242.17,244.38,238.07,239.0,228.8391,36684400
2021-05-13,241.8,245.6,241.42,243.03,232.6978,29624300
2021-05-14,245.58,249.18,245.49,248.15,237.6001,23901100
2021-05-17,246.55,246.59,243.52,245.18,234.7563,24970200
2021-05-18,246.27,246.41,242.9,243.08,232.7457,20168000
2021-05-19,239.31,243.23,238.6,243.12,233.3215,25739800
2021-05-20,243.96,247.95,243.86,246.48,236.546,21800700
2021-05-21,247.57,248.33,244.74,245.17,235.2888,21863100
2021-05-24,247.79,251.16,247.51,250.78,240.6727,21411500
2021-05-25,251.77,252.75,250.82,251.72,241.5748,17704300
2021-05-26,251.43,252.94,250.75,251.49,241.3541,17771600
2021-05-27,251.17,251.48,249.25,249.31,239.262,24426200
2021-05-28,251.0,252.08,249.56,249.68,239.6171,18270200
2021-06-01,251.23,251.29,246.96,247.4,237.429,23213300
2021-06-02,248.13,249.27,245.84,247.3,237.333,19406700
2021-06-03,245.22,246.34,243.0,245.71,235.8071,25307700
2021-06-04,247.76,251.65,247.51,250.79,240.6823,25281100
2021-06-07,249.98,254.09,249.81,253.81,243.5806,23079200
2021-06-08,255.16,256.01,252.51,252.57,242.3906,22455000
2021-06-09,253.81,255.53,253.21,253.59,243.3695,17937600
2021-06-10,254.29,257.46,253.67,257.24,246.8724,24563600
2021-06-11,257.99,258.49,256.61,257.89,247.4962,18999700
2021-06-14,257.9,259.95,256.8,259.89,249.4156,19150500
2021-06-15,259.77,259.99,257.68,258.36,247.9473,18038900
2021-06-16,259.4,260.58,254.42,257.38,247.0068,27220000
2021-06-17,256.07,261.75,256.01,260.9,250.3849,27565500
2021-06-18,259.63,262.3,258.75,259.43,248.9741,37202200
2021-06-21,259.82,263.52,257.92,262.63,252.0451,26696100
2021-06-22,262.72,265.79,262.4,265.51,254.8091,24694100
2021-06-23,265.99,266.83,264.43,265.27,254.5788,19518700
2021-06-24,266.16,267.85,265.47,266.69,255.9415,21446900
2021-06-25,266.23,267.25,264.76,265.02,254.3388,25611100
2021-06-28,266.19,268.9,265.91,268.72,257.8897,19590000
2021-06-29,268.87,271.65,267.98,271.4,260.4617,19937800
2021-06-30,270.69,271.36,269.6,270.9,259.9819,21656500
2021-07-01,269.61,271.84,269.6,271.6,260.6537,16725300
2021-07-02,272.82,278.0,272.5,277.65,266.4598,26458000
2021-07-06,278.03,279.37,274.3,277.66,266.4694,31565600
2021-07-07,279.4,280.69,277.15,279.93,268.6479,23260000
2021-07-08,276.9,278.73,274.87,277.42,266.2391,24618600
2021-07-09,275.72,278.05,275.32,277.94,266.7381,23916700
2021-07-12,279.16,279.77,276.58,277.32,266.1431,18931700
2021-07-13,277.52,282.85,277.39,280.98,269.6556,26120100
2021-07-14,282.35,283.66,280.55,282.51,271.1239,23113700
2021-07-15,282.0,282.51,279.83,281.03,269.7036,22604200
2021-07-16,282.07,284.1,279.46,280.75,269.4348,26186800
2021-07-19,278.93,280.37,274.45,277.01,265.8456,32935600
2021-07-20,278.03,280.97,276.26,279.32,268.0625,26259700
2021-07-21,278.9,281.52,277.29,281.4,270.0586,24364300
2021-07-22,283.84,286.42,283.42,286.14,274.6076,23384100
2021-07-23,287.37,289.99,286.5,289.67,277.9953,22768100
2021-07-26,289.0,289.69,286.64,289.05,277.4003,23176100
2021-07-27,289.43,289.58,282.95,286.54,274.9914,33604100
2021-07-28,288.99,290.15,283.83,286.22,274.6844,33566900
2021-07-29,286.24,288.62,286.08,286.5,274.9531,18168300
2021-07-30,285.17,286.66,283.91,284.91,273.4272,20944800
2021-08-02,286.36,286.77,283.74,284.82,273.3408,16267400
2021-08-03,285.42,287.23,284.0,287.12,275.5482,17879000
2021-08-04,286.22,287.59,284.65,286.51,274.9627,16191300
2021-08-05,286.88,289.63,286.1,289.52,277.8514,13900200
2021-08-06,288.51,289.5,287.62,289.46,277.7939,16589300
2021-08-09,289.75,291.55,287.81,288.33,276.7094,16117600
2021-08-10,288.8,289.25,285.2,286.44,274.8955,18616600
2021-08-11,287.21,288.66,285.86,286.95,275.3849,13955900
2021-08-12,286.63,289.97,286.34,289.81,278.1296,14561300
2021-08-13,289.48,292.9,289.3,292.85,281.0472,18249000
2021-08-16,293.19,294.82,290.02,294.6,282.7267,22507600
2021-08-17,292.39,293.43,291.08,293.08,281.2679,20075300
2021-08-18,292.04,294.82,290.27,290.73,279.5468,21813000
2021-08-19,288.69,297.47,288.64,296.77,285.3544,29850500
2021-08-20,299.72,305.84,298.06,304.36,292.6525,40817600
2021-08-23,303.25,305.4,301.85,304.65,292.9313,22830200
2021-08-24,305.02,305.65,302.0,302.62,290.9795,18175800
2021-08-25,304.3,304.59,300.42,302.01,290.3929,20006100
2021-08-26,300.99,302.43,298.95,299.09,287.5852,17666100
2021-08-27,298.99,300.87,296.83,299.72,288.191,22605700
2021-08-30,301.12,304.22,301.06,303.59,291.9121,16348100
2021-08-31,304.42,304.5,301.5,301.88,290.2679,26285300
2021-09-01,302.87,305.19,301.49,301.83,290.2198,18983800
2021-09-02,302.2,303.36,300.18,301.15,289.5659,16285600
2021-09-03,300.99,302.6,300.26,301.14,289.5564,14747900
2021-09-07,301.01,301.09,298.2,300.18,288.6333,17180400
2021-09-08,299.78,300.61,297.47,300.21,288.6621,15046800
2021-09-09,300.82,302.14,297.0,297.25,285.816,19927000
2021-09-10,298.42,299.92,295.38,295.71,284.3351,19633400
2021-09-13,297.55,298.54,294.08,296.99,285.566,23652900
2021-09-14,299.56,301.39,298.1,299.79,288.2583,21853400
2021-09-15,303.26,305.32,301.82,304.82,293.0948,28356300
2021-09-16,303.76,305.31,300.76,305.22,293.4794,19550800
2021-09-17,304.17,304.5,299.53,299.87,288.3352,41372500
2021-09-20,296.33,298.72,289.52,294.3,282.9794,38278700
2021-09-21,295.69,297.54,294.07,294.8,283.4602,22364100
2021-09-22,296.73,300.22,294.51,298.58,287.0948,26626300
2021-09-23,298.85,300.9,297.53,299.56,288.0371,18604600
2021-09-24,298.23,299.8,296.93,299.35,287.8351,14999000
2021-09-27,296.14,296.47,292.94,294.17,282.8545,23571700
2021-09-28,289.8,290.78,282.75,283.52,272.6141,43186200
2021-09-29,285.1,286.77,283.01,284.0,273.0756,26353700
2021-09-30,285.71,287.83,281.62,281.92,271.0757,32343600
2021-10-01,282.12,289.98,281.29,289.1,277.9794,30086300
2021-10-04,287.4,287.75,280.25,283.11,272.2198,31350700
2021-10-05,284.05,290.4,284.05,288.76,277.6526,24993000
2021-10-06,285.78,293.63,285.51,293.11,281.8352,28002600
2021-10-07,295.18,296.64,293.92,294.85,283.5083,20430500
2021-10-08,296.22,296.64,293.76,294.85,283.5083,17685700
2021-10-11,292.92,297.97,292.75,294.23,282.9122,19298600
2021-10-12,295.34,295.44,292.35,292.88,281.6141,17974100
2021-10-13,294.91,297.28,293.49,296.31,284.9121,23416300
2021-10-14,299.21,303.27,297.83,302.75,291.1044,27262900
2021-10-15,302.34,304.45,300.52,304.21,292.5082,25384800
2021-10-18,303.57,308.21,302.69,307.29,295.4698,22729300
2021-10-19,308.35,309.3,307.22,308.23,296.3737,17682100
2021-10-20,309.21,309.7,306.11,307.41,295.5852,16537100
2021-10-21,307.17,311.02,306.36,310.76,298.8063,16918100
2021-10-22,310.4,311.09,307.8,309.16,297.2678,17449300
2021-10-25,309.36,309.4,306.46,308.13,296.2775,17554500
2021-10-26,311.0,312.4,308.6,310.11,298.1813,28107300
2021-10-27,316.0,326.1,316.0,323.17,310.739,52588700
2021-10-28,324.33,324.87,321.36,324.35,311.8736,26297900
2021-10-29,324.13,332.0,323.9,331.62,318.8639,34766000
2021-11-01,331.36,331.49,326.37,329.37,316.7004,27073200
2021-11-02,330.31,333.45,330.0,333.13,320.3158,26487100
2021-11-03,333.9,334.9,330.65,334.0,321.1523,21500100
2021-11-04,332.89,336.54,329.51,336.44,323.4985,23992200
2021-11-05,338.51,338.79,334.42,336.06,323.1331,22570100
2021-11-08,337.3,337.65,334.44,336.99,324.0273,20897000
2021-11-09,337.11,338.72,334.53,335.95,323.0274,21307400
2021-11-10,334.57,334.63,329.92,330.8,318.0754,25500900
2021-11-11,331.25,333.77,330.51,332.43,319.6427,16849800
2021-11-12,333.92,337.23,333.79,336.72,323.7677,23831000
2021-11-15,337.54,337.88,334.03,336.07,323.1428,16723000
2021-11-16,335.68,340.67,335.51,339.51,326.4504,20886800
2021-11-17,338.94,342.19,338.0,339.12,326.6719,19053400
2021-11-18,338.18,342.45,337.12,341.27,328.743,22463500
2021-11-19,342.64,345.1,342.2,343.11,330.5155,21963400
2021-11-22,344.62,349.67,339.55,339.83,327.3558,31031100
2021-11-23,337.05,339.45,333.56,337.68,325.2848,30427600
2021-11-24,336.28,338.16,333.91,337.91,325.5063,21661300
2021-11-26,334.35,337.93,328.12,329.68,317.5785,24217200
2021-11-29,334.94,339.03,334.74,336.63,324.2734,28563500
2021-11-30,335.32,337.78,328.99,330.59,318.455,42885600
2021-12-01,335.13,339.28,329.39,330.08,317.9638,33337600
2021-12-02,330.3,333.49,327.8,329.49,317.3954,30766000
2021-12-03,331.99,332.7,318.03,323.01,311.1534,41779300
2021-12-06,323.95,327.45,319.23,326.19,314.2166,30032600
2021-12-07,331.64,335.8,330.1,334.92,322.6262,31021900
2021-12-08,335.31,335.5,330.8,334.97,322.6742,24761000
2021-12-09,334.41,336.49,332.12,333.1,320.873,22214200
2021-12-10,334.98,343.0,334.79,342.54,329.9664,38095700
2021-12-13,340.68,343.79,339.08,339.4,326.9417,28899400
2021-12-14,333.22,334.64,324.11,328.34,316.2877,44438700
2021-12-15,328.61,335.19,324.5,334.65,322.366,35381100
2021-12-16,335.71,336.76,323.02,324.9,312.9739,35034800
2021-12-17,320.88,324.92,317.25,323.8,311.9143,47750300
2021-12-20,320.05,322.8,317.57,319.91,308.1671,28326500
2021-12-21,323.29,327.73,319.8,327.29,315.2762,24740600
2021-12-22,328.3,333.61,325.75,333.2,320.9693,24831500
2021-12-23,332.75,336.39,332.73,334.69,322.4045,19617800
2021-12-27,335.46,342.48,335.43,342.45,329.8797,19947000
2021-12-28,343.15,343.81,340.32,341.25,328.7238,15661500
2021-12-29,341.3,344.3,339.68,341.95,329.398,15042000
2021-12-30,341.91,343.13,338.82,339.32,326.8646,15994500
2021-12-31,338.51,339.36,335.85,336.32,323.9747,18000800
2022-01-03,335.35,338.0,329.78,334.75,322.4624,28865100
2022-01-04,334.83,335.2,326.12,329.01,316.933,32674300
2022-01-05,325.86,326.07,315.98,316.38,304.7666,40054300
2022-01-06,313.15,318.7,311.49,313.88,302.3585,39646100
2022-01-07,314.15,316.5,310.09,314.04,302.5126,32720000
2022-01-10,309.49,314.72,304.69,314.27,302.7341,44289500
2022-01-11,313.38,316.61,309.89,314.98,303.418,29386800
2022-01-12,319.67,323.41,317.08,318.27,306.5872,34372200
2022-01-13,320.47,320.88,304.0,304.8,293.6117,45366000
2022-01-14,304.25,310.82,303.75,310.2,298.8135,39846400
2022-01-18,304.07,309.8,301.74,302.65,291.5406,42333200
2022-01-19,306.29,313.91,302.7,303.33,292.1957,45933900
2022-01-20,309.07,311.65,301.14,301.6,290.5292,35380700
2022-01-21,302.69,304.11,295.61,296.03,285.1636,57984400
2022-01-24,292.2,297.11,276.05,296.37,285.4911,85731500
2022-01-25,291.52,294.99,285.17,288.49,277.9004,72848600
2022-01-26,307.99,308.5,293.03,296.71,285.8187,90428900
2022-01-27,302.66,307.3,297.93,299.84,288.8338,53481300
2022-01-28,300.23,308.48,294.45,308.26,296.9447,49743700
2022-01-31,308.95,312.38,306.37,310.98,299.5649,46444500
2022-02-01,310.41,310.63,305.13,308.76,297.4264,40950400
2022-02-02,309.63,315.12,308.88,313.46,301.9539,36636000
2022-02-03,309.49,311.23,299.96,301.25,290.192,43730000
2022-02-04,300.21,308.8,299.97,305.94,294.7099,35096500
2022-02-07,306.17,307.84,299.9,300.95,289.9031,28533300
2022-02-08,301.25,305.56,299.95,304.56,293.3806,32421200
2022-02-09,309.87,311.93,307.39,311.21,299.7864,31284700
2022-02-10,304.04,309.12,300.7,302.38,291.2805,45386200
2022-02-11,303.19,304.29,294.22,295.04,284.21,39175600
2022-02-14,293.77,296.76,291.35,295.0,284.1715,36359500
2022-02-15,300.01,300.8,297.02,300.47,289.4407,27058300
2022-02-16,298.37,300.87,293.68,299.5,289.1028,29982100
2022-02-17,296.36,296.8,290.0,290.73,280.6373,32461600
2022-02-18,293.05,293.86,286.31,287.93,277.9345,34264000
2022-02-22,285.0,291.54,284.5,287.72,277.7318,41736100
2022-02-23,290.18,291.7,280.1,280.27,270.5403,37811200
2022-02-24,272.51,295.16,271.52,294.59,284.3633,56989700
2022-02-25,295.14,297.63,291.65,297.31,286.9889,32546700
2022-02-28,294.31,299.14,293.0,298.79,288.4175,34627500
2022-03-01,296.4,299.97,292.15,294.95,284.7108,31217800
2022-03-02,295.36,301.47,293.7,300.19,289.769,31873000
2022-03-03,302.89,303.13,294.05,295.92,285.6471,27314500
2022-03-04,294.29,295.66,287.17,289.86,279.7975,32356500
2022-03-07,288.53,289.69,278.53,278.91,269.2276,43157200
2022-03-08,277.8,283.96,270.0,275.85,266.2739,48159500
2022-03-09,283.44,289.6,280.78,288.5,278.4847,35204500
2022-03-10,283.02,286.6,280.58,285.59,275.6757,30628000
2022-03-11,287.96,289.51,279.43,280.07,270.3474,27209300
2022-03-14,280.34,285.4,275.82,276.44,266.8434,30660700
2022-03-15,280.35,287.82,278.73,287.15,277.1815,34245100
2022-03-16,289.11,294.57,283.2,294.39,284.1702,37826300
2022-03-17,293.29,295.61,289.37,295.22,284.9714,30816600
2022-03-18,295.37,301.0,292.73,300.43,290.0005,43390600
2022-03-21,298.89,300.14,294.9,299.16,288.7746,28351200
2022-03-22,299.8,305.0,298.77,304.06,293.5045,27599700
2022-03-23,300.51,303.23,297.72,299.49,289.0932,25715400
2022-03-24,299.14,304.2,298.32,304.1,293.5432,24484500
2022-03-25,305.23,305.5,299.29,303.68,293.1377,22566500
2022-03-28,304.33,310.8,304.33,310.7,299.914,29578200
2022-03-29,313.91,315.82,309.05,315.41,304.4605,30393400
2022-03-30,313.76,315.95,311.58,313.86,302.9643,28163600
2022-03-31,313.9,315.14,307.89,308.31,297.6069,33422100
2022-04-01,309.37,310.13,305.54,309.42,298.6785,27110500
2022-04-04,310.09,315.11,309.71,314.97,304.0357,24289600
2022-04-05,313.27,314.87,309.87,310.88,300.0878,23156700
2022-04-06,305.19,307.0,296.71,299.5,289.1028,40110400
2022-04-07,296.66,303.65,296.35,301.37,290.9079,31411200
2022-04-08,300.44,301.12,296.28,296.97,286.6606,24361900
2022-04-11,291.79,292.61,285.0,285.26,275.3572,34569300
2022-04-12,289.24,290.74,280.49,282.06,272.2683,30966700
2022-04-13,282.73,288.58,281.3,287.62,277.6353,21907200
2022-04-14,288.09,288.31,279.32,279.83,270.1156,28221600
2022-04-18,278.91,282.46,278.34,280.52,270.7817,20778000
2022-04-19,279.38,286.17,278.41,285.3,275.3958,22297700
2022-04-20,289.4,289.7,285.37,286.36,276.419,22906700
2022-04-21,288.58,293.3,280.06,280.81,271.0616,29454600
2022-04-22,281.68,283.2,273.38,274.03,264.517,29405800
2022-04-25,273.29,281.11,270.77,280.72,270.9748,35678900
2022-04-26,277.5,278.36,270.0,270.22,260.8394,46518400
2022-04-27,282.1,290.97,279.16,283.22,273.3881,63477700
2022-04-28,285.19,290.98,281.46,289.63,279.5754,33646600
2022-04-29,288.61,289.88,276.5,277.52,267.886,37073900
2022-05-02,277.71,284.94,276.22,284.47,274.5946,35151100
2022-05-03,283.96,284.13,280.15,281.78,271.998,25978600
2022-05-04,282.59,290.88,276.73,289.98,279.9133,33599300
2022-05-05,285.54,286.35,274.34,277.35,267.7218,43260400
2022-05-06,274.81,279.25,271.27,274.73,265.1927,37780300
2022-05-09,270.06,272.36,263.32,264.58,255.3951,47726000
2022-05-10,271.69,273.75,265.07,269.5,260.1443,39336400
2022-05-11,265.68,271.36,259.3,260.55,251.505,48975900
2022-05-12,257.69,259.88,250.02,255.35,246.4855,51033800
2022-05-13,257.35,263.04,255.35,261.12,252.0552,34925100
2022-05-16,259.96,265.82,255.78,261.5,252.422,32550900
2022-05-17,266.11,268.33,262.46,266.82,257.5574,28828800
2022-05-18,263.0,263.6,252.77,254.08,245.8308,31356000
2022-05-19,253.9,257.67,251.88,253.14,244.9214,32692300
2022-05-20,257.24,258.54,246.44,252.56,244.3602,39199300
2022-05-23,255.49,261.5,253.43,260.65,252.1875,33175400
2022-05-24,257.89,261.33,253.5,259.62,251.1909,29043900
2022-05-25,258.14,264.58,257.13,262.52,253.9968,28547900
2022-05-26,262.27,267.11,261.43,265.9,257.2671,25002100
2022-05-27,268.48,273.34,267.56,273.24,264.3688,26910800
2022-05-31,272.53,274.77,268.93,271.87,263.0432,37827700
2022-06-01,275.2,277.69,270.04,272.42,263.5754,25292200
2022-06-02,264.45,274.65,261.6,274.58,265.6653,44008200
2022-06-03,270.31,273.45,268.41,270.02,261.2533,28059000
2022-06-06,272.06,274.18,267.22,268.75,260.0245,22400300
2022-06-07,266.64,273.13,265.94,272.5,263.6528,22860700
2022-06-08,271.71,273.0,269.61,270.41,261.6307,17372300
2022-06-09,267.78,272.71,264.63,264.79,256.1931,26439700
2022-06-10,260.58,260.58,252.53,252.99,244.7762,31422800
2022-06-13,245.11,249.02,241.53,242.26,234.3946,46135800
2022-06-14,243.86,245.74,241.51,244.49,236.5522,28651500
2022-06-15,248.31,255.3,246.42,251.76,243.5862,33111700
2022-06-16,245.98,247.42,243.02,244.97,237.0166,33169200
2022-06-17,244.7,250.5,244.03,247.65,239.6096,43084800
2022-06-21,250.26,254.75,249.51,253.74,245.5019,29928300
2022-06-22,251.89,257.17,250.37,253.13,244.9117,25939900
2022-06-23,255.57,259.37,253.63,258.86,250.4556,25861400
2022-06-24,261.81,267.98,261.72,267.7,259.0087,33923200
2022-06-27,268.21,268.3,263.28,264.89,256.2899,24615100
2022-06-28,263.98,266.91,256.32,256.48,248.1529,27295500
2022-06-29,257.59,261.97,255.76,260.26,251.8102,20069800
2022-06-30,257.05,259.53,252.9,256.83,248.4915,31730900
2022-07-01,256.39,259.77,254.61,259.58,251.1522,22837700
2022-07-05,256.16,262.98,254.74,262.85,254.3161,22941000
2022-07-06,263.75,267.99,262.4,266.21,257.567,23824400
2022-07-07,265.12,269.06,265.02,268.4,259.6859,20859900
2022-07-08,264.79,268.1,263.29,267.66,258.9699,19658800
2022-07-11,265.65,266.53,262.18,264.51,255.9223,19455200
2022-07-12,265.88,265.94,252.04,253.67,245.4341,35868500
2022-07-13,250.19,253.55,248.11,252.72,244.515,29497400
2022-07-14,250.57,255.14,245.94,254.08,245.8308,25102800
2022-07-15,255.72,260.37,254.77,256.72,248.3851,29774100
2022-07-18,259.75,260.84,253.3,254.25,245.9953,20975000
2022-07-19,257.58,259.72,253.68,259.53,251.1039,25012600
2022-07-20,259.9,264.87,258.91,262.27,253.7549,22788300
2022-07-21,259.79,264.89,257.03,264.84,256.2415,22404700
2022-07-22,265.24,265.33,259.07,260.36,251.9069,21881300
2022-07-25,261.0,261.5,256.81,258.83,250.4266,21056000
2022-07-26,259.86,259.88,249.57,251.9,243.7216,39348000
2022-07-27,261.16,270.05,258.85,268.74,260.0149,45994000
2022-07-28,269.75,277.84,267.87,276.41,267.4359,33459300
2022-07-29,277.7,282.0,276.63,280.74,271.6252,32152800
2022-08-01,277.82,281.28,275.84,278.01,268.9839,21539600
2022-08-02,276.0,277.89,272.38,274.82,265.8975,22754200
2022-08-03,276.76,283.5,276.61,282.47,273.299,23518900
2022-08-04,281.8,283.8,280.17,283.65,274.4407,18098700
2022-08-05,279.15,283.65,278.68,282.91,273.7248,16774600
2022-08-08,284.05,285.92,279.32,280.32,271.2189,18739200
2022-08-09,279.64,283.08,277.61,282.3,273.1346,23405200
2022-08-10,288.17,289.81,286.94,289.16,279.7719,24687800
2022-08-11,290.85,291.21,286.51,287.02,277.7014,20065900
2022-08-12,288.48,291.91,286.94,291.91,282.4326,22619700
2022-08-15,291.0,294.18,290.11,293.47,283.942,18085700
2022-08-16,291.99,294.04,290.42,292.71,283.2066,18102900
2022-08-17,289.74,293.35,289.47,291.32,282.4601,18253400
2022-08-18,290.19,291.91,289.08,290.17,281.345,17186200
2022-08-19,288.9,289.25,285.56,286.15,277.4473,20570000
2022-08-22,282.08,282.46,277.22,277.75,269.3028,25061100
2022-08-23,276.44,278.86,275.4,276.44,268.0326,17527400
2022-08-24,275.41,277.23,275.11,275.79,267.4024,18137000
2022-08-25,277.33,279.02,274.52,278.85,270.3692,16583400
2022-08-26,279.08,280.34,267.98,268.09,259.9365,27549300
2022-08-29,265.85,267.4,263.85,265.23,257.1635,20338500
2022-08-30,266.67,267.05,260.66,262.97,254.9722,22767100
2022-08-31,265.39,267.11,261.33,261.47,253.5178,24791800
2022-09-01,258.87,260.89,255.41,260.4,252.4804,23263400
2022-09-02,261.7,264.74,254.47,256.06,248.2724,22855400
2022-09-06,256.2,257.83,251.94,253.25,245.5479,21328200
2022-09-07,254.7,258.83,253.22,258.09,250.2407,24126700
2022-09-08,257.51,260.43,254.79,258.52,250.6576,20319900
2022-09-09,260.5,265.23,260.29,264.46,256.4169,22084700
2022-09-12,265.78,267.45,265.16,266.65,258.5403,18747700
2022-09-13,258.84,260.4,251.59,251.99,244.3262,33353300
2022-09-14,253.53,254.23,249.86,252.22,244.5492,23913000
2022-09-15,249.77,251.4,244.02,245.38,237.9172,31530900
2022-09-16,244.26,245.3,242.06,244.74,237.2967,39791800
2022-09-19,242.47,245.14,240.85,244.52,237.0834,26826900
2022-09-20,242.07,243.51,239.64,242.45,235.0763,26660300
2022-09-21,244.27,247.66,238.9,238.95,231.6827,28625600
2022-09-22,237.87,243.86,237.57,240.98,233.651,31061200
2022-09-23,239.54,241.13,235.2,237.92,230.6841,34176000
2022-09-26,237.05,241.45,236.9,237.45,230.2284,27694200
2022-09-27,239.98,241.8,234.5,236.41,229.22,27018700
2022-09-28,236.81,242.33,234.73,241.07,233.7383,29029700
2022-09-29,238.89,239.95,234.41,237.5,230.2769,27484200
2022-09-30,238.29,240.54,232.73,232.9,225.8168,35694800
2022-10-03,235.41,241.61,234.66,240.74,233.4184,28880400
2022-10-04,245.09,250.36,244.98,248.88,241.3108,34888400
2022-10-05,245.99,250.58,244.1,249.2,241.621,20347100
2022-10-06,247.93,250.34,246.08,246.79,239.2843,20239900
2022-10-07,240.9,241.32,233.17,234.24,227.116,37769600
2022-10-10,233.05,234.56,226.73,229.25,222.2778,29743600
2022-10-11,227.62,229.06,224.11,225.41,218.5546,30474000
2022-10-12,225.4,227.86,223.96,225.75,218.8842,21903900
2022-10-13,219.85,236.1,219.13,234.24,227.116,42551800
2022-10-14,235.54,237.24,228.34,228.56,221.6088,30198600
2022-10-17,235.82,238.96,235.14,237.53,230.306,28142300
2022-10-18,243.24,243.93,235.37,238.5,231.2465,26329600
2022-10-19,237.04,239.61,234.29,236.48,229.2879,19985700
2022-10-20,235.77,241.31,234.87,236.15,228.9679,21811000
2022-10-21,234.74,243.0,234.5,242.12,234.7564,26299700
2022-10-24,243.76,247.84,241.3,247.25,239.7303,24911200
2022-10-25,247.26,251.04,245.83,250.66,243.0367,34775500
2022-10-26,231.17,238.3,230.06,231.32,224.2849,82543200
2022-10-27,231.04,233.69,225.78,226.75,219.8538,40424600
2022-10-28,226.24,236.6,226.05,235.87,228.6965,40647700
2022-10-31,233.76,234.92,231.15,232.13,225.0702,28357300
2022-11-01,234.6,235.74,227.33,228.17,221.2307,30592300
2022-11-02,229.46,231.3,220.04,220.1,213.4061,38407000
2022-11-03,220.09,220.41,213.98,214.25,207.734,36633900
2022-11-04,217.55,221.59,213.43,221.39,214.6568,36789100
2022-11-07,221.99,228.41,221.28,227.87,220.9397,33498000
2022-11-08,228.7,231.65,225.84,228.87,221.9093,28192500
2022-11-09,227.37,228.63,224.33,224.51,217.6819,27852900
2022-11-10,235.43,243.33,235.0,242.98,235.5902,46268000
2022-11-11,242.99,247.99,241.93,247.11,239.5946,34620200
2022-11-14,241.99,243.91,239.21,241.55,234.2037,31123300
2022-11-15,245.66,247.0,240.03,241.97,234.6109,31390100
2022-11-16,242.79,243.8,240.42,241.73,235.0387,24093300
2022-11-17,237.78,243.25,237.63,241.68,234.9901,23123500
2022-11-18,243.51,243.74,239.03,241.22,234.5429,27613500
2022-11-21,241.43,244.67,241.19,242.05,235.3499,26394700
2022-11-22,243.59,245.31,240.71,245.03,238.2474,19665700
2022-11-23,245.11,248.28,244.27,247.58,240.7268,19508500
2022-11-25,247.31,248.7,246.73,247.49,240.6393,9200800
2022-11-28,246.08,246.65,240.8,241.76,235.0679,24778200
2022-11-29,241.4,242.79,238.21,240.33,233.6775,17956300
2022-11-30,240.57,255.33,239.86,255.14,248.0776,47594200
2022-12-01,253.87,256.12,250.92,254.69,247.64,26041500
2022-12-02,249.82,256.06,249.69,255.02,247.9609,21528500
2022-12-05,252.01,253.82,248.06,250.2,243.2743,23435300
2022-12-06,250.82,251.86,243.78,245.12,238.3349,22463700
2022-12-07,244.83,246.16,242.21,244.37,237.6057,20481500
2022-12-08,244.84,248.74,243.06,247.4,240.5518,22611800
2022-12-09,244.7,248.31,244.16,245.42,238.6266,20609700
2022-12-12,247.45,252.54,247.17,252.51,245.5203,30665100
2022-12-13,261.69,263.92,253.07,256.92,249.8083,42196900
2022-12-14,257.13,262.59,254.31,257.22,250.0999,35410900
2022-12-15,253.72,254.2,247.34,249.01,242.1172,35560400
2022-12-16,248.55,249.84,243.51,244.69,237.9168,86102000
2022-12-19,244.86,245.21,238.71,240.45,233.7942,29696400
2022-12-20,239.4,242.91,238.42,241.8,235.1068,25150800
2022-12-21,241.69,245.62,240.11,244.43,237.664,23690600
2022-12-22,241.26,241.99,233.87,238.19,231.5967,28651700
2022-12-23,236.11,238.87,233.94,238.73,232.1218,21207000
2022-12-27,238.7,238.93,235.83,236.96,230.4008,16688600
2022-12-28,236.89,239.72,234.17,234.53,228.038,17457100
2022-12-29,235.65,241.92,235.65,241.01,234.3387,19770700
2022-12-30,238.21,239.96,236.66,239.82,233.1816,21938500
2023-01-03,243.08,245.75,237.4,239.58,232.9482,25740000
2023-01-04,232.28,232.87,225.96,229.1,222.7583,50623400
2023-01-05,227.2,227.55,221.76,222.31,216.1563,39585600
2023-01-06,223.0,225.76,219.35,224.93,218.7038,43613600
2023-01-09,226.45,231.24,226.41,227.12,220.8331,27369800
2023-01-10,227.76,231.31,227.33,228.85,222.5153,27033900
2023-01-11,231.29,235.95,231.11,235.77,229.2437,28669300
2023-01-12,235.26,239.9,233.56,238.51,231.9079,27269500
2023-01-13,237.0,239.37,234.92,239.23,232.608,21333300
2023-01-17,237.97,240.91,237.09,240.35,233.697,29831300
2023-01-18,241.57,242.38,235.52,235.81,229.2826,30028700
2023-01-19,233.78,235.52,230.68,231.93,225.51,28623000
2023-01-20,234.86,240.74,234.51,240.22,233.5706,35389800
2023-01-23,241.1,245.17,239.65,242.58,235.8652,31934000
2023-01-24,242.5,243.95,240.44,242.04,235.3402,40234400
2023-01-25,234.48,243.3,230.9,240.61,233.9497,66526600
2023-01-26,243.65,248.31,242.0,248.0,241.1352,33454500
2023-01-27,248.99,249.83,246.83,248.16,241.2908,26498900
2023-01-30,244.51,245.6,242.2,242.71,235.9916,25867400
2023-01-31,243.45,247.95,242.95,247.81,240.9505,26541100
2023-02-01,248.0,255.18,245.47,252.75,245.7537,31259900
2023-02-02,258.82,264.69,257.25,264.6,257.2757,39940400
2023-02-03,259.54,264.2,257.1,258.35,251.1987,29077300
2023-02-06,257.44,258.3,254.78,256.77,249.6624,22518000
2023-02-07,260.53,268.77,260.08,267.56,260.1537,50841400
2023-02-08,273.2,276.76,266.21,266.73,259.3467,54686000
2023-02-09,273.8,273.98,262.8,263.62,256.3228,42375100
2023-02-10,261.53,264.09,260.66,263.1,255.8172,25818500
2023-02-13,267.64,274.6,267.15,271.32,263.8097,44630900
2023-02-14,272.67,274.97,269.28,272.17,264.6361,37047900
2023-02-15,268.32,270.73,266.18,269.32,262.5209,28922400
2023-02-16,264.02,266.74,261.9,262.15,255.532,29603600
2023-02-17,259.39,260.09,256.0,258.06,251.5452,30000100
2023-02-21,254.48,255.49,251.59,252.67,246.2913,28397400
2023-02-22,254.09,254.34,250.34,251.51,245.1605,22491100
2023-02-23,255.56,256.84,250.48,254.77,248.3382,29219100
2023-02-24,249.96,251.0,248.1,249.22,242.9284,24990900
2023-02-27,252.46,252.82,249.39,250.16,243.8446,21190000
2023-02-28,249.07,251.49,248.73,249.42,243.1233,22491000
2023-03-01,250.76,250.93,245.79,246.27,240.0528,27565300
2023-03-02,246.55,251.4,245.61,251.11,244.7706,24808200
2023-03-03,252.19,255.62,251.39,255.29,248.8451,30760100
2023-03-06,256.43,260.12,255.98,256.87,250.3852,24109800
2023-03-07,256.3,257.69,253.39,254.15,247.7339,21473200
2023-03-08,254.04,254.54,250.81,253.7,247.2952,17340200
2023-03-09,255.82,259.56,251.58,252.32,245.9501,26653400
2023-03-10,251.08,252.79,247.6,248.59,242.3142,28333900
2023-03-13,247.4,257.91,245.73,253.92,247.5097,33339700
2023-03-14,256.75,261.07,255.86,260.79,254.2063,33620300
2023-03-15,259.98,266.48,259.21,265.44,258.7389,46028000
2023-03-16,265.21,276.56,263.28,276.2,269.2272,54768800
2023-03-17,278.26,283.33,276.32,279.43,272.3757,69527400
2023-03-20,276.98,277.48,269.85,272.23,265.3575,43466600
2023-03-21,274.88,275.0,269.52,273.78,266.8683,34558700
2023-03-22,273.4,281.04,272.18,272.29,265.416,34873300
2023-03-23,277.94,281.06,275.2,277.66,270.6504,36610900
2023-03-24,277.24,280.63,275.28,280.57,273.4869,28172000
2023-03-27,280.5,281.46,275.52,276.38,269.4027,26840200
2023-03-28,275.79,276.14,272.05,275.23,268.2817,21878600
2023-03-29,278.96,281.14,278.41,280.51,273.4284,25087000
2023-03-30,284.23,284.46,281.48,284.05,276.879,25053400
2023-03-31,283.73,289.27,283.0,288.3,281.0218,32766000
2023-04-03,286.52,288.27,283.95,287.23,279.9788,24883300
2023-04-04,287.23,290.45,285.67,287.18,279.9301,25824300
2023-04-05,285.85,287.15,282.92,284.34,277.1617,22064800
2023-04-06,283.21,292.08,282.03,291.6,284.2384,29770300
2023-04-10,289.21,289.6,284.71,289.39,282.0842,23103000
2023-04-11,285.75,285.98,281.64,282.83,275.6898,27276600
2023-04-12,284.79,287.01,281.96,283.49,276.3332,27403400
2023-04-13,283.59,289.9,283.17,289.84,282.5229,24222700
2023-04-14,287.0,288.48,283.69,286.14,278.9164,20987900
2023-04-17,289.93,291.6,286.16,288.8,281.5091,23836200
2023-04-18,291.57,291.76,287.01,288.37,281.09,20161800
2023-04-19,285.99,289.05,284.54,288.45,281.168,17150300
2023-04-20,285.25,289.03,285.08,286.11,278.8871,23244400
2023-04-21,285.01,286.27,283.06,285.76,278.5459,21676400
2023-04-24,282.09,284.95,278.72,281.77,274.6566,26611000
2023-04-25,279.51,281.6,275.37,275.42,268.4669,45772200
2023-04-26,296.7,299.57,292.73,295.37,287.9133,64599200
2023-04-27,295.97,305.2,295.25,304.83,297.1345,46462600
2023-04-28,304.01,308.93,303.31,307.26,299.5031,36469600
2023-05-01,306.97,308.6,305.15,305.56,297.846,21294100
2023-05-02,307.76,309.18,303.91,305.41,297.6998,26404400
2023-05-03,306.62,308.61,304.09,304.4,296.7153,22360800
2023-05-04,306.24,307.76,303.4,305.41,297.6998,22519900
2023-05-05,305.72,311.97,304.27,310.65,302.8075,28197100
2023-05-08,310.13,310.2,306.09,308.65,300.8581,21318600
2023-05-09,308.0,310.04,306.31,307.0,299.2497,21340800
2023-05-10,308.62,313.0,307.67,312.31,304.4256,30078000
2023-05-11,310.1,311.12,306.26,310.11,302.2812,31680200
2023-05-12,310.55,310.65,306.6,308.97,301.1699,19774700
2023-05-15,309.1,309.9,307.59,309.46,301.6476,16336500
2023-05-16,309.83,313.71,309.83,311.74,303.8701,26730300
2023-05-17,312.29,314.43,310.74,314.0,306.7421,24315000
2023-05-18,314.53,319.04,313.72,318.52,311.1576,27276000
2023-05-19,316.74,318.75,316.37,318.34,310.9818,27546700
2023-05-22,318.6,322.59,318.01,321.18,313.7561,24115700
2023-05-23,320.03,322.72,315.25,315.26,307.9729,30797200
2023-05-24,314.73,316.5,312.61,313.85,306.5955,23384900
2023-05-25,323.24,326.9,320.0,325.92,318.3865,43301700
2023-05-26,324.02,333.4,323.88,332.89,325.1954,36630600
2023-05-30,335.23,335.74,330.52,331.21,323.5542,29503100
2023-05-31,332.29,335.94,327.33,328.39,320.7994,45950600
2023-06-01,325.93,333.53,324.72,332.58,324.8925,26773900
2023-06-02,334.25,337.5,332.55,335.4,327.6475,25873800
2023-06-05,335.22,338.56,334.66,335.94,328.1749,21307100
2023-06-06,335.33,335.37,332.17,333.68,325.9671,20396200
2023-06-07,331.65,334.49,322.5,323.38,315.9052,40717100
2023-06-08,323.94,326.64,323.35,325.26,317.7418,23277700
2023-06-09,324.99,329.99,324.41,326.79,319.2365,22529000
2023-06-12,328.58,332.1,325.16,331.85,324.1795,24260300
2023-06-13,334.47,336.98,330.39,334.29,326.5631,22951300
2023-06-14,334.34,339.04,332.81,337.34,329.5426,26003800
2023-06-15,337.48,349.84,337.2,348.1,340.0539,38899100
2023-06-16,351.32,351.47,341.95,342.33,334.4172,46552000
2023-06-20,339.31,342.08,335.86,338.05,330.2362,26375400
2023-06-21,336.37,337.73,332.07,333.56,325.8499,25117800
2023-06-22,334.12,340.12,333.34,339.71,331.8578,23556800
2023-06-23,334.36,337.96,333.45,335.02,327.2762,23146900
2023-06-26,333.72,336.11,328.49,328.6,321.0046,21520600
2023-06-27,331.86,336.15,329.3,334.57,326.8366,24354100
2023-06-28,334.66,337.98,333.81,335.85,328.087,20259500
2023-06-29,334.71,336.11,332.62,335.05,327.3055,16997000
2023-06-30,337.75,342.73,337.2,340.54,332.6686,26832800
2023-07-03,339.19,340.9,336.57,337.99,330.1776,12508700
2023-07-05,335.09,341.65,334.73,338.15,330.3339,18172400
2023-07-06,337.3,342.99,335.5,341.27,333.3817,28161200
2023-07-07,339.32,341.79,337.0,337.22,329.4253,21214800
2023-07-10,334.6,335.23,327.59,331.83,324.1599,32791400
2023-07-11,331.06,332.86,327.0,332.47,324.7852,26698200
2023-07-12,336.6,341.65,335.67,337.2,329.4058,29995300
2023-07-13,339.56,343.74,339.02,342.66,334.7396,20567200
2023-07-14,347.59,351.43,344.31,345.24,337.2599,28352700
2023-07-17,345.68,346.99,342.2,345.73,337.7387,20363900
2023-07-18,345.83,366.78,342.17,359.49,351.1806,64738600
2023-07-19,361.75,362.46,352.44,355.08,346.8725,39732900
2023-07-20,353.57,357.97,345.37,346.87,338.8523,33778400
2023-07-21,349.15,350.3,339.83,343.77,335.8239,69405400
2023-07-24,345.85,346.92,342.31,345.11,337.1329,26678100
2023-07-25,347.11,351.89,345.07,350.98,342.8672,41637700
2023-07-26,341.44,344.67,333.11,337.77,329.9626,58383700
2023-07-27,340.48,341.33,329.05,330.72,323.0756,39635300
2023-07-28,333.67,340.01,333.17,338.37,330.5488,28484900
2023-07-31,336.92,337.7,333.36,335.92,328.1554,25446000
2023-08-01,335.19,338.54,333.7,336.34,328.5658,18311900
2023-08-02,333.63,333.63,326.36,327.5,319.93,27761300
2023-08-03,326.0,329.88,325.95,326.66,319.1094,18253700
2023-08-04,331.88,335.14,327.24,327.78,320.2036,23741500
2023-08-07,328.37,331.11,327.52,330.11,322.4797,17741500
2023-08-08,326.96,328.75,323.0,326.05,318.5136,22327600
2023-08-09,326.47,327.11,321.05,322.23,314.7819,22373300
2023-08-10,326.02,328.26,321.18,322.93,315.4656,20113700
2023-08-11,320.26,322.41,319.21,321.01,313.59,24355500
2023-08-14,321.39,324.06,320.08,324.04,316.55,18836100
2023-08-15,323.0,325.09,320.9,321.86,314.4203,16966300
2023-08-16,320.8,324.42,319.8,320.4,313.6568,20698900
2023-08-17,320.54,321.87,316.21,316.88,310.2109,21257200
2023-08-18,314.49,318.38,311.55,316.48,309.8193,24755000
2023-08-21,317.93,322.77,317.04,321.88,315.1056,24040000
2023-08-22,325.5,326.08,321.46,322.46,315.6735,16084600
2023-08-23,323.82,329.2,323.46,327.0,320.1179,21166400
2023-08-24,332.85,332.98,319.96,319.97,313.2358,23281400
2023-08-25,321.47,325.36,318.8,322.98,316.1825,21684100
2023-08-28,325.66,326.15,321.72,323.7,316.8873,14808500
2023-08-29,321.88,328.98,321.88,328.41,321.4982,19284600
2023-08-30,328.67,329.81,326.45,328.79,321.8703,15222100
2023-08-31,329.2,330.91,326.78,327.76,320.8619,26411000
2023-09-01,331.31,331.99,326.78,328.66,321.743,14942000
2023-09-05,329.0,334.85,328.66,333.55,326.5301,18553900
2023-09-06,333.38,334.46,330.18,332.88,325.8741,17535800
2023-09-07,331.29,333.08,329.03,329.91,322.9667,18381000
2023-09-08,330.09,336.16,329.46,334.27,327.2349,19530100
2023-09-11,337.24,338.42,335.43,337.94,330.8277,16583300
2023-09-12,335.82,336.79,331.48,331.77,324.7875,17565500
2023-09-13,331.31,336.85,331.17,336.06,328.9872,16544400
2023-09-14,339.15,340.86,336.57,338.7,331.5717,20267000
2023-09-15,336.92,337.4,329.65,330.22,323.2701,37679800
2023-09-18,327.8,330.4,326.36,329.06,322.1346,16834200
2023-09-19,326.17,329.39,324.51,328.65,321.7332,16505900
2023-09-20,329.51,329.59,320.51,320.77,314.019,21436500
2023-09-21,319.26,325.35,315.0,319.53,312.8051,35560400
2023-09-22,321.32,321.45,316.15,317.01,310.3382,21447900
2023-09-25,316.59,317.67,315.0,317.54,310.857,17836000
2023-09-26,315.13,315.88,310.02,312.14,305.5706,26297600
2023-09-27,312.3,314.3,309.69,312.79,306.207,19410100
2023-09-28,310.99,315.48,309.45,313.64,307.0391,19683600
2023-09-29,317.75,319.47,314.98,315.75,309.1047,24147300
2023-10-02,316.28,321.89,315.18,321.8,315.0273,20570000
2023-10-03,320.83,321.39,311.21,313.39,306.7944,21033500
2023-10-04,314.03,320.04,314.0,318.96,312.2471,20720100
2023-10-05,319.09,319.98,314.9,319.36,312.6386,16965600
2023-10-06,316.55,329.19,316.3,327.26,320.3725,25673600
2023-10-09,324.75,330.3,323.18,329.82,322.8786,19891200
2023-10-10,330.96,331.1,327.67,328.39,321.4786,20557100
2023-10-11,331.21,332.82,329.14,332.42,325.4239,20063200
2023-10-12,330.57,333.63,328.72,331.16,324.1904,19313100
2023-10-13,332.38,333.83,326.36,327.73,320.8326,21072400
2023-10-16,331.05,336.14,330.6,332.64,325.6392,22158000
2023-10-17,329.59,333.46,327.41,332.06,325.0714,18338500
2023-10-18,332.49,335.59,328.3,330.11,323.1624,23153600
2023-10-19,332.15,336.88,330.91,331.32,324.347,25052100
2023-10-20,331.72,331.92,325.45,326.67,319.795,25027700
2023-10-23,325.47,332.73,324.39,329.32,322.3891,24374700
2023-10-24,331.3,331.84,327.6,330.53,323.5736,31153600
2023-10-25,345.02,346.2,337.62,340.67,333.5002,55053800
2023-10-26,340.54,341.63,326.94,327.89,320.9892,37828500
2023-10-27,330.43,336.72,328.4,329.81,322.8687,29856500
2023-10-30,333.41,339.45,331.83,337.31,330.211,22828100
2023-10-31,338.85,339.0,334.69,338.11,330.9941,20265300
2023-11-01,339.79,347.42,339.65,346.07,338.7866,28158800
2023-11-02,347.24,348.83,344.77,348.32,340.9892,24348100
2023-11-03,349.63,354.39,347.33,352.8,345.3749,23637700
2023-11-06,353.45,357.54,353.35,356.53,349.0264,23828300
2023-11-07,359.4,362.46,357.63,360.53,352.9422,25833900
2023-11-08,361.68,363.87,360.55,363.2,355.5561,26767800
2023-11-09,362.3,364.79,360.36,360.69,353.0988,24847300
2023-11-10,361.49,370.1,361.07,369.67,361.8899,28042100
2023-11-13,368.22,368.47,365.9,366.68,358.9628,19986500
2023-11-14,371.01,371.95,367.35,370.27,362.4772,27683900
2023-11-15,371.28,373.13,367.11,369.67,362.6244,26860100
2023-11-16,370.96,376.35,370.18,376.17,369.0005,27182300
2023-11-17,373.61,374.37,367.0,369.85,362.8009,40157000
2023-11-20,371.22,378.87,371.0,377.44,370.2463,52465100
2023-11-21,375.67,376.22,371.12,373.07,365.9596,28423100
2023-11-22,378.0,379.79,374.97,377.85,370.6484,23345300
2023-11-24,377.33,377.97,375.14,377.43,370.2365,10176600
2023-11-27,376.78,380.64,376.2,378.61,371.394,22179200
2023-11-28,378.35,383.0,378.16,382.7,375.4061,20453100
2023-11-29,383.76,384.3,377.44,378.85,371.6294,28963400
2023-11-30,378.49,380.09,375.47,378.91,371.6883,30554400
2023-12-01,376.76,378.16,371.31,374.51,367.3721,33040500
2023-12-04,369.1,369.52,362.9,369.14,362.1045,32063300
2023-12-05,366.45,373.08,365.62,372.52,365.42,23065000
2023-12-06,373.54,374.18,368.03,368.8,361.771,21182100
2023-12-07,368.23,371.45,366.32,370.95,363.88,23118900
2023-12-08,369.2,374.46,368.23,374.23,367.0975,20154400
2023-12-11,368.48,371.6,366.1,371.3,364.2233,27708800
2023-12-12,370.85,374.42,370.46,374.38,367.2446,24838300
2023-12-13,376.02,377.64,370.77,374.37,367.2348,30955500
2023-12-14,373.31,373.76,364.13,365.93,358.9557,43277500
2023-12-15,366.85,372.4,366.28,370.73,363.6642,78502300
2023-12-18,369.45,373.0,368.68,372.65,365.5475,21802900
2023-12-19,371.49,373.26,369.84,373.26,366.146,20603700
2023-12-20,375.0,376.03,370.53,370.62,363.5563,26316700
2023-12-21,372.56,374.41,370.04,373.54,366.4206,17708000
2023-12-22,373.68,375.18,372.71,374.58,367.4408,17107500
2023-12-26,375.0,376.94,373.5,374.66,367.5193,12673100
2023-12-27,373.69,375.06,372.81,374.07,366.9405,14905400
2023-12-28,375.37,376.46,374.16,375.28,368.1275,14327000
2023-12-29,376.0,377.16,373.48,376.04,368.873,18730800
2024-01-02,373.86,375.9,366.77,370.87,363.8015,25258600
2024-01-03,369.01,373.26,368.51,370.6,363.5367,23083500
2024-01-04,370.67,373.1,367.17,367.94,360.9273,20901500
2024-01-05,368.97,372.06,366.5,367.75,360.741,21004600
2024-01-08,369.3,375.2,369.01,374.69,367.5487,23134000
2024-01-09,372.01,375.99,371.19,375.79,368.6277,20830000
2024-01-10,376.37,384.17,376.32,382.77,375.4747,25514200
2024-01-11,386.0,390.68,380.38,384.63,377.2993,27850800
2024-01-12,385.49,388.68,384.65,388.47,381.066,21661200
2024-01-16,393.66,394.03,387.62,390.27,382.8318,27202300
2024-01-17,387.98,390.11,384.81,389.47,382.047,22234100
2024-01-18,391.72,393.99,390.12,393.87,386.3631,23392100
2024-01-19,395.76,398.67,393.5,398.67,391.0717,29331100
2024-01-22,400.02,400.62,393.59,396.51,388.9529,27016900
2024-01-23,395.75,399.38,393.93,398.9,391.2973,20525900
2024-01-24,401.54,405.63,400.45,402.56,394.8875,24867000
2024-01-25,404.32,407.01,402.53,404.87,397.1535,21021200
2024-01-26,404.37,406.17,402.43,403.93,396.2314,17803300
2024-01-29,406.06,409.98,404.33,409.72,401.9111,24510200
2024-01-30,412.26,413.05,406.45,408.59,400.8026,33477600
2024-01-31,406.96,415.32,397.21,397.58,390.0024,47871100
2024-02-01,401.83,408.0,401.8,403.78,396.0843,30657700
2024-02-02,403.81,412.65,403.56,411.22,403.3824,28256700
2024-02-05,409.9,411.16,403.99,405.65,397.9186,25352300
2024-02-06,405.88,407.97,402.91,405.49,397.7617,18382600
2024-02-07,407.44,414.3,407.4,414.05,406.1585,22340500
2024-02-08,414.05,415.56,412.53,414.11,406.2173,21225300
2024-02-09,415.25,420.82,415.09,420.55,412.5346,22032800
2024-02-12,420.56,420.74,414.75,415.26,407.3454,21202900
2024-02-13,404.94,410.07,403.39,406.32,398.5758,27824900
2024-02-14,408.07,409.84,404.57,409.49,402.4282,20401200
2024-02-15,408.14,409.13,404.29,406.56,399.5488,21825500
2024-02-16,407.96,408.29,403.44,404.06,397.0919,22296500
2024-02-20,403.24,404.49,398.01,402.79,395.8438,24307900
2024-02-21,400.17,402.29,397.22,402.18,395.2443,18518900
2024-02-22,410.19,412.83,408.57,411.65,404.551,27009900
2024-02-23,415.67,415.86,408.97,410.34,403.2636,16295900
2024-02-26,411.46,412.16,407.36,407.54,400.5119,16193500
2024-02-27,407.99,408.32,403.85,407.48,400.4529,14835800
2024-02-28,408.18,409.3,405.32,407.72,400.6887,13183100
2024-02-29,408.64,414.2,405.92,413.64,406.5067,31947300
2024-03-01,411.27,415.87,410.88,415.5,408.3346,17823400
2024-03-04,413.44,417.35,412.32,414.92,407.7646,17596000
2024-03-05,413.96,414.25,400.64,402.65,395.7062,26919200
2024-03-06,402.97,405.16,398.39,402.09,395.1559,22344100
2024-03-07,406.12,409.78,402.24,409.14,402.0844,18718500
2024-03-08,407.96,410.42,404.33,406.22,399.2147,18002200
2024-03-11,403.76,405.68,401.26,404.52,397.5439,16120800
2024-03-12,407.62,415.57,406.79,415.28,408.1184,22457000
2024-03-13,418.1,418.18,411.45,415.1,407.9416,17115900
2024-03-14,420.24,427.82,417.99,425.22,417.887,34157300
2024-03-15,419.29,422.6,412.79,416.42,409.2388,45079900
2024-03-18,414.25,420.73,413.78,417.32,410.1232,20106000
2024-03-19,417.83,421.67,415.55,421.41,414.1427,19837900
2024-03-20,422.0,425.96,420.66,425.23,417.8969,17860100
2024-03-21,429.83,430.82,427.16,429.37,421.9654,21296200
2024-03-22,429.7,429.86,426.07,428.74,421.3463,17648500
2024-03-25,425.24,427.41,421.61,422.86,415.5677,18060500
2024-03-26,425.61,425.99,421.35,421.65,414.3785,16725600
2024-03-27,424.44,424.45,419.01,421.43,414.1623,16705000
2024-03-28,420.96,421.87,419.12,420.72,413.4646,21871200
2024-04-01,423.95,427.89,422.22,424.57,417.2482,16316000
2024-04-02,420.11,422.38,417.84,421.44,414.1722,17912000
2024-04-03,419.73,423.26,419.09,420.45,413.1992,16502300
2024-04-04,424.99,428.67,417.57,417.88,410.6736,19370900
2024-04-05,420.01,426.51,418.32,425.52,418.1818,16554800
2024-04-08,425.17,427.28,423.3,424.59,417.2679,14272400
2024-04-09,426.44,427.74,421.62,426.28,418.9287,12496900
2024-04-10,422.19,424.03,419.7,423.26,415.9608,16216600
2024-04-11,425.82,429.37,422.36,427.93,420.5502,17966400
2024-04-12,424.05,425.18,419.77,421.9,414.6242,19253800
2024-04-15,426.6,426.82,413.43,413.64,406.5067,20273500
2024-04-16,414.57,418.4,413.73,414.58,407.4305,16765600
2024-04-17,417.25,418.88,410.33,411.84,404.7377,15855500
2024-04-18,410.63,411.89,403.95,404.27,397.2982,21029900
2024-04-19,404.03,405.48,397.77,399.12,392.2371,30565800
2024-04-22,400.08,402.85,395.75,400.96,394.0453,20286900
2024-04-23,404.24,408.2,403.06,407.57,400.5414,15734500
2024-04-24,409.56,412.47,406.78,409.06,402.0056,15065300
2024-04-25,394.03,399.89,388.03,399.04,392.1584,40586500
2024-04-26,412.17,413.0,405.76,406.32,399.3129,29694700
2024-04-29,405.25,406.32,399.19,402.25,395.3131,19582100
2024-04-30,401.49,402.16,389.17,389.33,382.6159,28781400
2024-05-01,392.61,401.72,390.31,394.94,388.1292,23562500
2024-05-02,397.66,399.93,394.65,397.84,390.9792,17709400
2024-05-03,402.28,407.15,401.86,406.66,399.647,17446700
2024-05-06,408.76,413.93,406.37,413.54,406.4084,16996600
2024-05-07,414.66,414.67,409.09,409.34,402.2808,20018200
2024-05-08,408.17,412.23,406.71,410.54,403.4602,11792300
2024-05-09,410.57,412.72,409.1,412.32,405.2094,14689700
2024-05-10,412.94,415.38,411.8,414.74,407.5877,13402300
2024-05-13,418.01,418.35,410.82,413.72,406.5853,15440200
2024-05-14,412.02,417.49,411.55,416.56,409.3764,15109300
2024-05-15,417.9,423.81,417.27,423.08,416.5338,22239500
2024-05-16,421.8,425.42,420.35,420.99,414.4762,17530100
2024-05-17,422.54,422.92,418.03,420.21,413.7082,15352200
2024-05-20,420.21,426.77,419.99,425.34,418.7589,16272100
2024-05-21,426.83,432.97,424.85,429.04,422.4016,21453300
2024-05-22,430.09,432.41,427.13,430.52,423.8587,18073700
2024-05-23,432.97,433.6,425.42,427.0,420.3932,17211700
2024-05-24,427.19,431.06,424.41,430.16,423.5043,11855300
2024-05-28,429.63,430.82,426.6,430.32,423.6618,15718000
2024-05-29,425.69,430.94,425.69,429.17,422.5296,15517100
2024-05-30,424.3,424.3,414.24,414.67,408.254,28394500
2024-05-31,416.75,416.75,404.51,415.13,408.7069,47995300
2024-06-03,415.53,416.43,408.92,413.52,407.1217,17484700
2024-06-04,412.43,416.44,409.68,416.07,409.6324,14348900
2024-06-05,417.81,424.08,416.3,424.01,417.4495,16988000
2024-06-06,424.01,425.31,420.58,424.52,417.9515,14861300
2024-06-07,426.2,426.28,423.0,423.85,417.292,13621700
2024-06-10,424.7,428.08,423.89,427.87,421.2497,13982900
2024-06-11,425.48,432.82,425.25,432.68,425.9854,14551100
2024-06-12,435.32,443.4,433.25,441.06,434.2357,22366200
2024-06-13,440.85,443.39,439.37,441.58,434.7476,15960600
2024-06-14,438.28,443.14,436.72,442.57,435.7223,13582000
2024-06-17,442.59,450.94,440.72,448.37,441.4325,20790000
2024-06-18,449.71,450.14,444.89,446.34,439.434,17112500
2024-06-20,446.3,446.53,441.27,445.7,438.8039,19877400
2024-06-21,447.38,450.58,446.51,449.78,442.8207,34187100
2024-06-24,449.8,452.75,446.41,447.67,440.7434,15913700
2024-06-25,448.25,451.42,446.75,450.95,443.9726,16413400
2024-06-26,449.0,453.6,448.19,452.16,445.1639,16507000
2024-06-27,452.18,456.17,451.77,452.85,445.8433,14806300
2024-06-28,453.07,455.38,446.41,446.95,440.0345,28362300
2024-07-01,448.66,457.37,445.66,456.73,449.6632,17662800
2024-07-02,453.2,459.59,453.11,459.28,452.1737,13979800
2024-07-03,458.19,461.02,457.88,460.77,453.6407,9932800
2024-07-05,459.61,468.35,458.97,467.56,460.3256,16000300
2024-07-08,466.55,467.7,464.46,466.24,459.026,12962300
2024-07-09,467.0,467.33,458.0,459.54,452.4297,17207200
2024-07-10,461.22,466.46,458.86,466.25,459.0359,18196100
2024-07-11,462.98,464.78,451.55,454.7,447.6646,23111200
2024-07-12,454.33,456.36,450.65,453.55,446.5324,16324300
2024-07-15,453.3,457.26,451.43,453.96,446.9361,14429400
2024-07-16,454.22,454.3,446.66,449.52,442.5647,17175700
2024-07-17,442.59,444.85,439.18,443.52,436.6576,21778000
2024-07-18,444.34,444.65,434.4,440.37,433.5563,20794800
2024-07-19,433.1,441.14,432.0,437.11,430.3468,20940400
2024-07-22,441.79,444.6,438.91,442.94,436.0865,15808800
2024-07-23,443.9,448.39,443.1,444.85,437.9671,13107100
2024-07-24,440.45,441.48,427.59,428.9,422.2638,26805800
2024-07-25,428.8,429.8,417.51,418.4,411.9263,29943800
2024-07-26,418.2,428.92,417.27,425.27,418.69,23583800
2024-07-29,431.58,432.15,424.7,426.73,420.1274,15125800
2024-07-30,427.72,429.05,417.36,422.92,416.3763,32687600
2024-07-31,420.5,421.78,412.21,418.35,411.877,42891400
2024-08-01,420.79,427.46,413.09,417.11,410.6562,30296400
2024-08-02,412.49,415.0,404.34,408.49,402.1696,29437900
2024-08-05,389.17,401.04,385.58,395.15,389.036,40709200
2024-08-06,400.0,405.67,398.5,399.61,393.427,24946500
2024-08-07,408.64,410.08,397.47,398.43,392.2652,20650900
2024-08-08,402.44,405.86,399.94,402.69,396.4594,20203000
2024-08-09,404.03,408.05,402.26,406.02,399.7378,19276700
2024-08-12,407.06,408.76,404.24,406.81,400.5156,16762900
2024-08-13,409.59,414.95,409.57,414.01,407.6042,19414300
2024-08-14,414.8,417.72,412.45,416.86,410.41,18267000
2024-08-15,419.8,421.11,417.66,421.03,415.2627,20752100
2024-08-16,420.6,421.34,417.3,418.47,412.7377,22775600
2024-08-19,418.96,421.75,416.46,421.53,415.7559,15234000
2024-08-20,421.7,425.86,421.64,424.8,418.981,16387600
2024-08-21,424.08,426.4,421.72,424.14,418.3301,16067300
2024-08-22,424.36,426.79,414.61,415.55,409.8578,19361900
2024-08-23,416.98,419.26,412.09,416.79,411.0808,18493800
2024-08-26,416.37,417.28,411.34,413.49,407.826,13152800
2024-08-27,412.86,414.36,410.25,413.84,408.1712,13492900
2024-08-28,414.88,415.0,407.31,410.6,404.9756,14882700
2024-08-29,414.94,422.05,410.6,413.12,407.461,17045200
2024-08-30,415.6,417.49,412.13,417.14,411.426,24308300
2024-09-03,417.91,419.88,407.03,409.44,403.8315,20313600
2024-09-04,405.91,411.24,404.37,408.9,403.2989,15135800
2024-09-05,407.62,413.1,406.13,408.39,402.7958,14195500
2024-09-06,409.06,410.65,400.8,401.7,396.1975,19609500
2024-09-09,407.24,408.65,402.15,405.72,400.1624,15295100
2024-09-10,408.2,416.33,407.7,414.2,408.5263,19594300
2024-09-11,415.5,423.99,409.58,423.04,417.2452,19266900
2024-09-12,423.31,427.37,419.75,427.0,421.1509,17395700
2024-09-13,425.83,431.83,425.46,430.59,424.6917,15874600
2024-09-16,430.6,433.53,428.22,431.34,425.4314,13834700
2024-09-17,440.23,441.85,432.27,435.15,429.1893,18874200
2024-09-18,435.0,436.03,430.41,430.81,424.9088,18898000
2024-09-19,441.23,441.5,436.9,438.69,432.6808,21706600
2024-09-20,437.22,439.24,434.22,435.27,429.3076,55167100
2024-09-23,434.28,436.46,430.39,433.51,427.5717,15128900
2024-09-24,433.0,433.35,426.1,429.17,423.2912,17015800
2024-09-25,429.83,433.12,428.57,432.11,426.1909,13396400
2024-09-26,435.09,435.3,429.13,431.31,425.4019,14492000
2024-09-27,431.52,431.85,427.47,428.02,422.157,14896100
2024-09-30,428.21,430.42,425.37,430.3,424.4057,16807300
2024-10-01,428.45,428.48,418.81,420.69,414.9274,19092900
2024-10-02,422.58,422.82,416.71,417.13,411.4161,16582300
2024-10-03,417.63,419.55,414.29,416.54,410.8342,13686400
2024-10-04,418.24,419.75,414.97,416.06,410.3607,19169700
2024-10-07,416.0,417.11,409.0,409.54,403.9301,20919800
2024-10-08,410.9,415.66,408.17,414.71,409.0293,19229300
2024-10-09,415.86,420.38,414.3,417.46,411.7416,14974300
2024-10-10,415.23,417.35,413.15,415.84,410.1438,13848400
2024-10-11,416.14,417.13,413.25,416.32,410.6172,14144900
2024-10-14,417.77,424.04,417.52,419.14,413.3986,16653100
2024-10-15,422.18,422.48,415.26,418.74,413.0041,18900200
2024-10-16,415.17,416.36,410.48,416.12,410.42,15508900
2024-10-17,422.36,422.5,415.59,416.72,411.0117,14820000
2024-10-18,417.14,419.65,416.26,418.16,412.432,17145300
2024-10-21,416.12,418.96,413.75,418.78,413.0435,14206100
2024-10-22,418.49,430.58,418.04,427.51,421.6539,25482200
2024-10-23,430.86,431.08,422.53,424.6,418.7838,19654400
2024-10-24,425.33,425.98,422.4,424.73,418.912,13581600
2024-10-25,426.76,432.52,426.57,428.15,422.2852,16899100
2024-10-28,431.66,431.94,426.3,426.59,420.7465,14882400
2024-10-29,428.0,433.17,425.8,431.95,426.0331,17644100
2024-10-30,437.44,438.5,432.1,432.53,426.6052,29749100
2024-10-31,415.36,416.16,406.3,406.35,400.7838,53971000
2024-11-01,409.01,415.5,407.5,410.37,404.7487,24230400
2024-11-04,409.8,410.42,405.57,408.46,402.8648,19672300
2024-11-05,408.37,414.9,408.08,411.46,405.8238,17626000
2024-11-06,412.42,420.45,410.52,420.18,414.4243,26681800
2024-11-07,421.28,426.85,419.88,425.43,419.6024,19901800
2024-11-08,425.32,426.5,421.78,422.54,416.752,16891400
2024-11-11,422.52,424.81,416.0,418.01,412.2841,24503300
2024-11-12,418.25,424.44,417.2,423.03,417.2353,19401200
2024-11-13,421.64,429.33,418.21,425.2,419.3756,21502200
2024-11-14,425.0,428.17,420.0,426.89,421.0424,30246900
2024-11-15,419.82,422.8,413.64,415.0,409.3153,28247600
2024-11-18,414.87,418.4,412.1,415.76,410.0648,24727000
2024-11-19,413.11,417.94,411.55,417.79,412.0671,18133500
2024-11-20,416.87,417.29,410.58,415.49,409.7986,19191700
2024-11-21,419.5,419.78,410.29,412.87,408.0296,20780200
2024-11-22,411.37,417.4,411.06,417.0,412.1111,24814600
2024-11-25,418.38,421.08,414.85,418.79,413.8802,27691100
2024-11-26,419.59,429.04,418.85,427.99,422.9723,23458900
2024-11-27,425.11,427.23,422.02,422.99,418.0309,18332400
2024-11-29,420.09,424.88,417.8,423.46,418.4954,16271900
2024-12-02,421.57,433.0,421.31,430.98,425.9272,20207200
2024-12-03,429.84,432.47,427.74,431.2,426.1447,18302000
2024-12-04,433.03,439.67,432.63,437.42,432.2917,26009400
2024-12-05,437.92,444.66,436.17,442.62,437.4308,21697800
2024-12-06,442.3,446.1,441.77,443.57,438.3697,18821000
2024-12-09,442.6,448.33,440.5,446.02,440.7909,19144400
2024-12-10,444.39,449.62,441.6,443.33,438.1325,18469500
2024-12-11,444.05,450.35,444.05,448.99,443.7261,19200200
2024-12-12,449.11,456.16,449.11,449.56,444.2894,20834800
2024-12-13,448.44,451.43,445.58,447.27,442.0263,20177800
2024-12-16,447.27,452.18,445.28,451.59,446.2957,23598800
2024-12-17,451.01,455.29,449.57,454.46,449.132,22733500
2024-12-18,451.32,452.65,437.02,437.39,432.2621,24444500
2024-12-19,441.62,443.18,436.32,437.03,431.9063,22963700
2024-12-20,433.11,443.74,428.63,436.6,431.4814,64263700
2024-12-23,436.74,437.65,432.83,435.25,430.1472,19152500
2024-12-24,434.65,439.6,434.19,439.33,434.1794,7164500
2024-12-26,439.08,440.94,436.63,438.11,432.9736,8194200
2024-12-27,434.6,435.22,426.35,430.53,425.4826,18117700
2024-12-30,426.06,427.55,421.9,424.83,419.8494,13158700
